id,run_id,scenario_id,scenario_hash,condition_name,stage,run_mode,corpus_hash,corpus_version,collection_name,runtime_chain,acceptance_status,failure_reason,source_file,harness_version,node_config_hash,sc_policy_id,policy_hash,theta_source,theta_locked,started_at,completed_at,created_at,updated_at
3,cr_1st_20260617T002515Z#1,civil_complaint_query_pool_v2,1878d3544f38fcb9b873d04cbb33d7ed4de6a8c1db874fb072bf324d14136db4,cr,cr,formal,,lacp_docs_v1_full_guideline_table_safe_body_only_v1,,flashattention_off_cooldown60,accepted,,/home/morophi/agent/scenario/civil_complaint_query_pool_v2.json,,db9a63df8b9bcff80e6dc4b2db0c517eccbacd07017d63ddfb9eb0f59cac2ba2,sc_protocol_v1,bc3a9569e55984ff3d0a01fd122e8f5a5e88455a4757f9968b1580f78642a3b0,/home/morophi/harness/config/theta_config.json,0,2026-06-17 09:26:11,2026-06-17 09:40:36,2026-06-17 09:26:11,2026-06-17 09:40:36
4,cr_1st_20260617T101709KST#2,civil_complaint_query_pool_v2,1878d3544f38fcb9b873d04cbb33d7ed4de6a8c1db874fb072bf324d14136db4,cr,cr,formal,,lacp_docs_v1_full_guideline_table_safe_body_only_v1,,flashattention_off_cooldown60,accepted,,/home/morophi/agent/scenario/civil_complaint_query_pool_v2.json,,db9a63df8b9bcff80e6dc4b2db0c517eccbacd07017d63ddfb9eb0f59cac2ba2,sc_protocol_v1,bc3a9569e55984ff3d0a01fd122e8f5a5e88455a4757f9968b1580f78642a3b0,/home/morophi/harness/config/theta_config.json,0,2026-06-17 10:18:05,2026-06-17 10:32:30,2026-06-17 10:18:05,2026-06-17 10:32:30
5,cr_1st_20260617T103730KST#3,civil_complaint_query_pool_v2,1878d3544f38fcb9b873d04cbb33d7ed4de6a8c1db874fb072bf324d14136db4,cr,cr,formal,,lacp_docs_v1_full_guideline_table_safe_body_only_v1,,flashattention_off_cooldown60,accepted,,/home/morophi/agent/scenario/civil_complaint_query_pool_v2.json,,db9a63df8b9bcff80e6dc4b2db0c517eccbacd07017d63ddfb9eb0f59cac2ba2,sc_protocol_v1,bc3a9569e55984ff3d0a01fd122e8f5a5e88455a4757f9968b1580f78642a3b0,/home/morophi/harness/config/theta_config.json,0,2026-06-17 10:38:26,2026-06-17 10:52:51,2026-06-17 10:38:26,2026-06-17 10:52:51
6,cr_1st_20260617T111722KST#4,civil_complaint_query_pool_v2,1878d3544f38fcb9b873d04cbb33d7ed4de6a8c1db874fb072bf324d14136db4,cr,cr,formal,,lacp_docs_v1_full_guideline_table_safe_body_only_v1,,flashattention_off_cooldown60,accepted,,/home/morophi/agent/scenario/civil_complaint_query_pool_v2.json,,db9a63df8b9bcff80e6dc4b2db0c517eccbacd07017d63ddfb9eb0f59cac2ba2,sc_protocol_v1,bc3a9569e55984ff3d0a01fd122e8f5a5e88455a4757f9968b1580f78642a3b0,/home/morophi/harness/config/theta_config.json,0,2026-06-17 11:18:18,2026-06-17 11:32:42,2026-06-17 11:18:18,2026-06-17 11:32:42
7,cr_1st_20260617T114243KST#5,civil_complaint_query_pool_v2,1878d3544f38fcb9b873d04cbb33d7ed4de6a8c1db874fb072bf324d14136db4,cr,cr,formal,,lacp_docs_v1_full_guideline_table_safe_body_only_v1,,flashattention_off_cooldown60,accepted,,/home/morophi/agent/scenario/civil_complaint_query_pool_v2.json,,db9a63df8b9bcff80e6dc4b2db0c517eccbacd07017d63ddfb9eb0f59cac2ba2,sc_protocol_v1,bc3a9569e55984ff3d0a01fd122e8f5a5e88455a4757f9968b1580f78642a3b0,/home/morophi/harness/config/theta_config.json,0,2026-06-17 11:43:39,2026-06-17 11:58:03,2026-06-17 11:43:39,2026-06-17 11:58:03
8,cr_1st_20260617T121722KST#6,civil_complaint_query_pool_v2,1878d3544f38fcb9b873d04cbb33d7ed4de6a8c1db874fb072bf324d14136db4,cr,cr,formal,,lacp_docs_v1_full_guideline_table_safe_body_only_v1,,flashattention_off_cooldown60,accepted,,/home/morophi/agent/scenario/civil_complaint_query_pool_v2.json,,db9a63df8b9bcff80e6dc4b2db0c517eccbacd07017d63ddfb9eb0f59cac2ba2,sc_protocol_v1,bc3a9569e55984ff3d0a01fd122e8f5a5e88455a4757f9968b1580f78642a3b0,/home/morophi/harness/config/theta_config.json,0,2026-06-17 12:18:18,2026-06-17 12:32:43,2026-06-17 12:18:18,2026-06-17 12:32:43
9,cr_1st_20260617T124244KST#7,civil_complaint_query_pool_v2,1878d3544f38fcb9b873d04cbb33d7ed4de6a8c1db874fb072bf324d14136db4,cr,cr,formal,,lacp_docs_v1_full_guideline_table_safe_body_only_v1,,flashattention_off_cooldown60,accepted,,/home/morophi/agent/scenario/civil_complaint_query_pool_v2.json,,db9a63df8b9bcff80e6dc4b2db0c517eccbacd07017d63ddfb9eb0f59cac2ba2,sc_protocol_v1,bc3a9569e55984ff3d0a01fd122e8f5a5e88455a4757f9968b1580f78642a3b0,/home/morophi/harness/config/theta_config.json,0,2026-06-17 12:43:39,2026-06-17 12:58:05,2026-06-17 12:43:39,2026-06-17 12:58:05
10,cr_1st_20260617T130806KST#8,civil_complaint_query_pool_v2,1878d3544f38fcb9b873d04cbb33d7ed4de6a8c1db874fb072bf324d14136db4,cr,cr,formal,,lacp_docs_v1_full_guideline_table_safe_body_only_v1,,flashattention_off_cooldown60,accepted,,/home/morophi/agent/scenario/civil_complaint_query_pool_v2.json,,db9a63df8b9bcff80e6dc4b2db0c517eccbacd07017d63ddfb9eb0f59cac2ba2,sc_protocol_v1,bc3a9569e55984ff3d0a01fd122e8f5a5e88455a4757f9968b1580f78642a3b0,/home/morophi/harness/config/theta_config.json,0,2026-06-17 13:09:01,2026-06-17 13:23:27,2026-06-17 13:09:01,2026-06-17 13:23:27
11,cr_1st_20260617T133328KST#9,civil_complaint_query_pool_v2,1878d3544f38fcb9b873d04cbb33d7ed4de6a8c1db874fb072bf324d14136db4,cr,cr,formal,,lacp_docs_v1_full_guideline_table_safe_body_only_v1,,flashattention_off_cooldown60,accepted,,/home/morophi/agent/scenario/civil_complaint_query_pool_v2.json,,db9a63df8b9bcff80e6dc4b2db0c517eccbacd07017d63ddfb9eb0f59cac2ba2,sc_protocol_v1,bc3a9569e55984ff3d0a01fd122e8f5a5e88455a4757f9968b1580f78642a3b0,/home/morophi/harness/config/theta_config.json,0,2026-06-17 13:34:24,2026-06-17 13:48:49,2026-06-17 13:34:24,2026-06-17 13:48:49
12,cr_1st_20260617T135850KST#10,civil_complaint_query_pool_v2,1878d3544f38fcb9b873d04cbb33d7ed4de6a8c1db874fb072bf324d14136db4,cr,cr,formal,,lacp_docs_v1_full_guideline_table_safe_body_only_v1,,flashattention_off_cooldown60,accepted,,/home/morophi/agent/scenario/civil_complaint_query_pool_v2.json,,db9a63df8b9bcff80e6dc4b2db0c517eccbacd07017d63ddfb9eb0f59cac2ba2,sc_protocol_v1,bc3a9569e55984ff3d0a01fd122e8f5a5e88455a4757f9968b1580f78642a3b0,/home/morophi/harness/config/theta_config.json,0,2026-06-17 13:59:45,2026-06-17 14:14:10,2026-06-17 13:59:45,2026-06-17 14:14:10
14,cr2_rev9_10_A-ragsc_B-ragonly_C-baseline_np512_hist3_20260618T142752KST#1,civil_complaint_query_pool_v2,1878d3544f38fcb9b873d04cbb33d7ed4de6a8c1db874fb072bf324d14136db4,cr2,cr2,formal,,lacp_docs_v1_full_guideline_table_safe_body_only_v1,lacp_docs_v1_full_guideline_table_safe_body_only_v1,flashattention_off_cooldown60,accepted,,/home/morophi/agent/scenario/civil_complaint_query_pool_v2.json,,db9a63df8b9bcff80e6dc4b2db0c517eccbacd07017d63ddfb9eb0f59cac2ba2,sc_protocol_v1,bc3a9569e55984ff3d0a01fd122e8f5a5e88455a4757f9968b1580f78642a3b0,/home/morophi/harness/config/theta_config.json,0,2026-06-18 14:28:58,2026-06-18 14:48:12,2026-06-18 14:28:58,2026-06-18 14:48:12
15,cr2_rev9_10_A-ragsc_B-ragonly_C-baseline_np512_hist3_20260618T145118KST#1,civil_complaint_query_pool_v2,1878d3544f38fcb9b873d04cbb33d7ed4de6a8c1db874fb072bf324d14136db4,cr2,cr2,formal,,lacp_docs_v1_full_guideline_table_safe_body_only_v1,lacp_docs_v1_full_guideline_table_safe_body_only_v1,flashattention_off_cooldown60,accepted,,/home/morophi/agent/scenario/civil_complaint_query_pool_v2.json,,db9a63df8b9bcff80e6dc4b2db0c517eccbacd07017d63ddfb9eb0f59cac2ba2,sc_protocol_v1,bc3a9569e55984ff3d0a01fd122e8f5a5e88455a4757f9968b1580f78642a3b0,/home/morophi/harness/config/theta_config.json,0,2026-06-18 14:52:24,2026-06-18 15:11:37,2026-06-18 14:52:24,2026-06-18 15:11:37
16,cr2_rev9_10_A-ragsc_B-ragonly_C-baseline_np512_hist3_20260618T151440KST#1,civil_complaint_query_pool_v2,1878d3544f38fcb9b873d04cbb33d7ed4de6a8c1db874fb072bf324d14136db4,cr2,cr2,formal,,lacp_docs_v1_full_guideline_table_safe_body_only_v1,lacp_docs_v1_full_guideline_table_safe_body_only_v1,flashattention_off_cooldown60,accepted,,/home/morophi/agent/scenario/civil_complaint_query_pool_v2.json,,db9a63df8b9bcff80e6dc4b2db0c517eccbacd07017d63ddfb9eb0f59cac2ba2,sc_protocol_v1,bc3a9569e55984ff3d0a01fd122e8f5a5e88455a4757f9968b1580f78642a3b0,/home/morophi/harness/config/theta_config.json,0,2026-06-18 15:15:45,2026-06-18 15:35:00,2026-06-18 15:15:45,2026-06-18 15:35:00
17,cr2_rev9_10_A-ragsc_B-ragonly_C-baseline_np512_hist3_20260618T153736KST#1,civil_complaint_query_pool_v2,1878d3544f38fcb9b873d04cbb33d7ed4de6a8c1db874fb072bf324d14136db4,cr2,cr2,formal,,lacp_docs_v1_full_guideline_table_safe_body_only_v1,lacp_docs_v1_full_guideline_table_safe_body_only_v1,flashattention_off_cooldown60,accepted,,/home/morophi/agent/scenario/civil_complaint_query_pool_v2.json,,db9a63df8b9bcff80e6dc4b2db0c517eccbacd07017d63ddfb9eb0f59cac2ba2,sc_protocol_v1,bc3a9569e55984ff3d0a01fd122e8f5a5e88455a4757f9968b1580f78642a3b0,/home/morophi/harness/config/theta_config.json,0,2026-06-18 15:38:42,2026-06-18 15:57:58,2026-06-18 15:38:42,2026-06-18 15:57:58
18,cr2_rev9_10_A-ragsc_B-ragonly_C-baseline_np512_hist3_20260618T160153KST#1,civil_complaint_query_pool_v2,1878d3544f38fcb9b873d04cbb33d7ed4de6a8c1db874fb072bf324d14136db4,cr2,cr2,formal,,lacp_docs_v1_full_guideline_table_safe_body_only_v1,lacp_docs_v1_full_guideline_table_safe_body_only_v1,flashattention_off_cooldown60,accepted,,/home/morophi/agent/scenario/civil_complaint_query_pool_v2.json,,db9a63df8b9bcff80e6dc4b2db0c517eccbacd07017d63ddfb9eb0f59cac2ba2,sc_protocol_v1,bc3a9569e55984ff3d0a01fd122e8f5a5e88455a4757f9968b1580f78642a3b0,/home/morophi/harness/config/theta_config.json,0,2026-06-18 16:02:58,2026-06-18 16:22:08,2026-06-18 16:02:58,2026-06-18 16:22:08
32,run_b_neo_excute_#1_20260625T174811KST,lacp_run_b_scenario_v1,48fad82511cb366257502b756e360ae7e0c3c697f388a68519b822f46f9a5b7c,run_b,run_b,formal,,lacp_docs_v1_full_guideline_table_safe_body_only_v1,lacp_docs_v1_full_guideline_table_safe_body_only_v1,flashattention_off_cooldown60,accepted,,/home/morophi/agent/scenario/lacp_run_b_scenario_v1.json,,151f9a05fb677300a6ca2488776a292d6aca954910830e192ee2acab30813182,sc_protocol_v1,eefebb7325534333275674ae88404bfc60a68e0246b46614dcf238ccd246042a,/home/morophi/harness/config/theta_config.json,1,2026-06-25 17:49:13,2026-06-25 18:08:26,2026-06-25 17:49:23,2026-06-25 18:08:26
33,run_b_neo_excute_#2_20260625T180826KST,lacp_run_b_scenario_v1,48fad82511cb366257502b756e360ae7e0c3c697f388a68519b822f46f9a5b7c,run_b,run_b,formal,,lacp_docs_v1_full_guideline_table_safe_body_only_v1,lacp_docs_v1_full_guideline_table_safe_body_only_v1,flashattention_off_cooldown60,accepted,,/home/morophi/agent/scenario/lacp_run_b_scenario_v1.json,,151f9a05fb677300a6ca2488776a292d6aca954910830e192ee2acab30813182,sc_protocol_v1,eefebb7325534333275674ae88404bfc60a68e0246b46614dcf238ccd246042a,/home/morophi/harness/config/theta_config.json,1,2026-06-25 18:09:27,2026-06-25 18:28:44,2026-06-25 18:09:27,2026-06-25 18:28:44
34,run_b_neo_excute_#3_20260625T182845KST,lacp_run_b_scenario_v1,48fad82511cb366257502b756e360ae7e0c3c697f388a68519b822f46f9a5b7c,run_b,run_b,formal,,lacp_docs_v1_full_guideline_table_safe_body_only_v1,lacp_docs_v1_full_guideline_table_safe_body_only_v1,flashattention_off_cooldown60,accepted,,/home/morophi/agent/scenario/lacp_run_b_scenario_v1.json,,151f9a05fb677300a6ca2488776a292d6aca954910830e192ee2acab30813182,sc_protocol_v1,eefebb7325534333275674ae88404bfc60a68e0246b46614dcf238ccd246042a,/home/morophi/harness/config/theta_config.json,1,2026-06-25 18:29:46,2026-06-25 18:49:01,2026-06-25 18:29:46,2026-06-25 18:49:01
35,run_b_neo_excute_#4_20260625T184902KST,lacp_run_b_scenario_v1,48fad82511cb366257502b756e360ae7e0c3c697f388a68519b822f46f9a5b7c,run_b,run_b,formal,,lacp_docs_v1_full_guideline_table_safe_body_only_v1,lacp_docs_v1_full_guideline_table_safe_body_only_v1,flashattention_off_cooldown60,accepted,,/home/morophi/agent/scenario/lacp_run_b_scenario_v1.json,,151f9a05fb677300a6ca2488776a292d6aca954910830e192ee2acab30813182,sc_protocol_v1,eefebb7325534333275674ae88404bfc60a68e0246b46614dcf238ccd246042a,/home/morophi/harness/config/theta_config.json,1,2026-06-25 18:50:03,2026-06-25 19:09:20,2026-06-25 18:50:03,2026-06-25 19:09:20
36,run_b_neo_excute_#5_20260625T190921KST,lacp_run_b_scenario_v1,48fad82511cb366257502b756e360ae7e0c3c697f388a68519b822f46f9a5b7c,run_b,run_b,formal,,lacp_docs_v1_full_guideline_table_safe_body_only_v1,lacp_docs_v1_full_guideline_table_safe_body_only_v1,flashattention_off_cooldown60,accepted,,/home/morophi/agent/scenario/lacp_run_b_scenario_v1.json,,151f9a05fb677300a6ca2488776a292d6aca954910830e192ee2acab30813182,sc_protocol_v1,eefebb7325534333275674ae88404bfc60a68e0246b46614dcf238ccd246042a,/home/morophi/harness/config/theta_config.json,1,2026-06-25 19:10:22,2026-06-25 19:29:39,2026-06-25 19:10:22,2026-06-25 19:29:39
37,run_b_neo_excute_#6_20260626T095614KST,lacp_run_b_scenario_v1,48fad82511cb366257502b756e360ae7e0c3c697f388a68519b822f46f9a5b7c,run_b,run_b,formal,,lacp_docs_v1_full_guideline_table_safe_body_only_v1,lacp_docs_v1_full_guideline_table_safe_body_only_v1,flashattention_off_cooldown60,accepted,,/home/morophi/agent/scenario/lacp_run_b_scenario_v1.json,,151f9a05fb677300a6ca2488776a292d6aca954910830e192ee2acab30813182,sc_protocol_v1,eefebb7325534333275674ae88404bfc60a68e0246b46614dcf238ccd246042a,/home/morophi/harness/config/theta_config.json,1,2026-06-26 09:57:22,2026-06-26 10:16:29,2026-06-26 09:57:22,2026-06-26 10:16:29
38,run_b_neo_excute_#7_20260626T101630KST,lacp_run_b_scenario_v1,48fad82511cb366257502b756e360ae7e0c3c697f388a68519b822f46f9a5b7c,run_b,run_b,formal,,lacp_docs_v1_full_guideline_table_safe_body_only_v1,lacp_docs_v1_full_guideline_table_safe_body_only_v1,flashattention_off_cooldown60,accepted,,/home/morophi/agent/scenario/lacp_run_b_scenario_v1.json,,151f9a05fb677300a6ca2488776a292d6aca954910830e192ee2acab30813182,sc_protocol_v1,eefebb7325534333275674ae88404bfc60a68e0246b46614dcf238ccd246042a,/home/morophi/harness/config/theta_config.json,1,2026-06-26 10:17:31,2026-06-26 10:36:49,2026-06-26 10:17:31,2026-06-26 10:36:49
39,run_b_neo_excute_#8_20260626T103649KST,lacp_run_b_scenario_v1,48fad82511cb366257502b756e360ae7e0c3c697f388a68519b822f46f9a5b7c,run_b,run_b,formal,,lacp_docs_v1_full_guideline_table_safe_body_only_v1,lacp_docs_v1_full_guideline_table_safe_body_only_v1,flashattention_off_cooldown60,accepted,,/home/morophi/agent/scenario/lacp_run_b_scenario_v1.json,,151f9a05fb677300a6ca2488776a292d6aca954910830e192ee2acab30813182,sc_protocol_v1,eefebb7325534333275674ae88404bfc60a68e0246b46614dcf238ccd246042a,/home/morophi/harness/config/theta_config.json,1,2026-06-26 10:37:50,2026-06-26 10:57:08,2026-06-26 10:37:50,2026-06-26 10:57:08
40,run_b_neo_excute_#9_20260626T105708KST,lacp_run_b_scenario_v1,48fad82511cb366257502b756e360ae7e0c3c697f388a68519b822f46f9a5b7c,run_b,run_b,formal,,lacp_docs_v1_full_guideline_table_safe_body_only_v1,lacp_docs_v1_full_guideline_table_safe_body_only_v1,flashattention_off_cooldown60,accepted,,/home/morophi/agent/scenario/lacp_run_b_scenario_v1.json,,151f9a05fb677300a6ca2488776a292d6aca954910830e192ee2acab30813182,sc_protocol_v1,eefebb7325534333275674ae88404bfc60a68e0246b46614dcf238ccd246042a,/home/morophi/harness/config/theta_config.json,1,2026-06-26 10:58:09,2026-06-26 11:17:27,2026-06-26 10:58:09,2026-06-26 11:17:27
41,run_b_neo_excute_#10_20260626T111728KST,lacp_run_b_scenario_v1,48fad82511cb366257502b756e360ae7e0c3c697f388a68519b822f46f9a5b7c,run_b,run_b,formal,,lacp_docs_v1_full_guideline_table_safe_body_only_v1,lacp_docs_v1_full_guideline_table_safe_body_only_v1,flashattention_off_cooldown60,accepted,,/home/morophi/agent/scenario/lacp_run_b_scenario_v1.json,,151f9a05fb677300a6ca2488776a292d6aca954910830e192ee2acab30813182,sc_protocol_v1,eefebb7325534333275674ae88404bfc60a68e0246b46614dcf238ccd246042a,/home/morophi/harness/config/theta_config.json,1,2026-06-26 11:18:29,2026-06-26 11:37:48,2026-06-26 11:18:29,2026-06-26 11:37:48
42,run_b_neo_excute_#11_20260626T120149KST,lacp_run_b_scenario_v1,48fad82511cb366257502b756e360ae7e0c3c697f388a68519b822f46f9a5b7c,run_b,run_b,formal,,lacp_docs_v1_full_guideline_table_safe_body_only_v1,lacp_docs_v1_full_guideline_table_safe_body_only_v1,flashattention_off_cooldown60,accepted,,/home/morophi/agent/scenario/lacp_run_b_scenario_v1.json,,151f9a05fb677300a6ca2488776a292d6aca954910830e192ee2acab30813182,sc_protocol_v1,eefebb7325534333275674ae88404bfc60a68e0246b46614dcf238ccd246042a,/home/morophi/harness/config/theta_config.json,1,2026-06-26 12:02:49,2026-06-26 12:22:09,2026-06-26 12:02:49,2026-06-26 12:22:09
43,run_b_neo_excute_#12_20260626T122209KST,lacp_run_b_scenario_v1,48fad82511cb366257502b756e360ae7e0c3c697f388a68519b822f46f9a5b7c,run_b,run_b,formal,,lacp_docs_v1_full_guideline_table_safe_body_only_v1,lacp_docs_v1_full_guideline_table_safe_body_only_v1,flashattention_off_cooldown60,accepted,,/home/morophi/agent/scenario/lacp_run_b_scenario_v1.json,,151f9a05fb677300a6ca2488776a292d6aca954910830e192ee2acab30813182,sc_protocol_v1,eefebb7325534333275674ae88404bfc60a68e0246b46614dcf238ccd246042a,/home/morophi/harness/config/theta_config.json,1,2026-06-26 12:23:10,2026-06-26 12:42:29,2026-06-26 12:23:10,2026-06-26 12:42:29
44,run_b_neo_excute_#13_20260626T124229KST,lacp_run_b_scenario_v1,48fad82511cb366257502b756e360ae7e0c3c697f388a68519b822f46f9a5b7c,run_b,run_b,formal,,lacp_docs_v1_full_guideline_table_safe_body_only_v1,lacp_docs_v1_full_guideline_table_safe_body_only_v1,flashattention_off_cooldown60,accepted,,/home/morophi/agent/scenario/lacp_run_b_scenario_v1.json,,151f9a05fb677300a6ca2488776a292d6aca954910830e192ee2acab30813182,sc_protocol_v1,eefebb7325534333275674ae88404bfc60a68e0246b46614dcf238ccd246042a,/home/morophi/harness/config/theta_config.json,1,2026-06-26 12:43:30,2026-06-26 13:02:51,2026-06-26 12:43:30,2026-06-26 13:02:51
45,run_b_neo_excute_#14_20260626T130252KST,lacp_run_b_scenario_v1,48fad82511cb366257502b756e360ae7e0c3c697f388a68519b822f46f9a5b7c,run_b,run_b,formal,,lacp_docs_v1_full_guideline_table_safe_body_only_v1,lacp_docs_v1_full_guideline_table_safe_body_only_v1,flashattention_off_cooldown60,accepted,,/home/morophi/agent/scenario/lacp_run_b_scenario_v1.json,,151f9a05fb677300a6ca2488776a292d6aca954910830e192ee2acab30813182,sc_protocol_v1,eefebb7325534333275674ae88404bfc60a68e0246b46614dcf238ccd246042a,/home/morophi/harness/config/theta_config.json,1,2026-06-26 13:03:52,2026-06-26 13:23:12,2026-06-26 13:03:52,2026-06-26 13:23:12
46,run_b_neo_excute_#15_20260626T132313KST,lacp_run_b_scenario_v1,48fad82511cb366257502b756e360ae7e0c3c697f388a68519b822f46f9a5b7c,run_b,run_b,formal,,lacp_docs_v1_full_guideline_table_safe_body_only_v1,lacp_docs_v1_full_guideline_table_safe_body_only_v1,flashattention_off_cooldown60,accepted,,/home/morophi/agent/scenario/lacp_run_b_scenario_v1.json,,151f9a05fb677300a6ca2488776a292d6aca954910830e192ee2acab30813182,sc_protocol_v1,eefebb7325534333275674ae88404bfc60a68e0246b46614dcf238ccd246042a,/home/morophi/harness/config/theta_config.json,1,2026-06-26 13:24:14,2026-06-26 13:43:35,2026-06-26 13:24:14,2026-06-26 13:43:35
47,run_b_neo_excute_#16_20260626T140223KST,lacp_run_b_scenario_v1,48fad82511cb366257502b756e360ae7e0c3c697f388a68519b822f46f9a5b7c,run_b,run_b,formal,,lacp_docs_v1_full_guideline_table_safe_body_only_v1,lacp_docs_v1_full_guideline_table_safe_body_only_v1,flashattention_off_cooldown60,accepted,,/home/morophi/agent/scenario/lacp_run_b_scenario_v1.json,,151f9a05fb677300a6ca2488776a292d6aca954910830e192ee2acab30813182,sc_protocol_v1,eefebb7325534333275674ae88404bfc60a68e0246b46614dcf238ccd246042a,/home/morophi/harness/config/theta_config.json,1,2026-06-26 14:03:24,2026-06-26 14:22:44,2026-06-26 14:03:24,2026-06-26 14:22:44
48,run_b_neo_excute_#17_20260626T142245KST,lacp_run_b_scenario_v1,48fad82511cb366257502b756e360ae7e0c3c697f388a68519b822f46f9a5b7c,run_b,run_b,formal,,lacp_docs_v1_full_guideline_table_safe_body_only_v1,lacp_docs_v1_full_guideline_table_safe_body_only_v1,flashattention_off_cooldown60,accepted,,/home/morophi/agent/scenario/lacp_run_b_scenario_v1.json,,151f9a05fb677300a6ca2488776a292d6aca954910830e192ee2acab30813182,sc_protocol_v1,eefebb7325534333275674ae88404bfc60a68e0246b46614dcf238ccd246042a,/home/morophi/harness/config/theta_config.json,1,2026-06-26 14:23:46,2026-06-26 14:43:07,2026-06-26 14:23:46,2026-06-26 14:43:07
49,run_b_neo_excute_#18_20260626T144308KST,lacp_run_b_scenario_v1,48fad82511cb366257502b756e360ae7e0c3c697f388a68519b822f46f9a5b7c,run_b,run_b,formal,,lacp_docs_v1_full_guideline_table_safe_body_only_v1,lacp_docs_v1_full_guideline_table_safe_body_only_v1,flashattention_off_cooldown60,accepted,,/home/morophi/agent/scenario/lacp_run_b_scenario_v1.json,,151f9a05fb677300a6ca2488776a292d6aca954910830e192ee2acab30813182,sc_protocol_v1,eefebb7325534333275674ae88404bfc60a68e0246b46614dcf238ccd246042a,/home/morophi/harness/config/theta_config.json,1,2026-06-26 14:44:09,2026-06-26 15:03:30,2026-06-26 14:44:09,2026-06-26 15:03:30
50,run_b_neo_excute_#19_20260626T150331KST,lacp_run_b_scenario_v1,48fad82511cb366257502b756e360ae7e0c3c697f388a68519b822f46f9a5b7c,run_b,run_b,formal,,lacp_docs_v1_full_guideline_table_safe_body_only_v1,lacp_docs_v1_full_guideline_table_safe_body_only_v1,flashattention_off_cooldown60,accepted,,/home/morophi/agent/scenario/lacp_run_b_scenario_v1.json,,151f9a05fb677300a6ca2488776a292d6aca954910830e192ee2acab30813182,sc_protocol_v1,eefebb7325534333275674ae88404bfc60a68e0246b46614dcf238ccd246042a,/home/morophi/harness/config/theta_config.json,1,2026-06-26 15:04:32,2026-06-26 15:23:54,2026-06-26 15:04:32,2026-06-26 15:23:54
51,run_b_neo_excute_#20_20260626T152354KST,lacp_run_b_scenario_v1,48fad82511cb366257502b756e360ae7e0c3c697f388a68519b822f46f9a5b7c,run_b,run_b,formal,,lacp_docs_v1_full_guideline_table_safe_body_only_v1,lacp_docs_v1_full_guideline_table_safe_body_only_v1,flashattention_off_cooldown60,accepted,,/home/morophi/agent/scenario/lacp_run_b_scenario_v1.json,,151f9a05fb677300a6ca2488776a292d6aca954910830e192ee2acab30813182,sc_protocol_v1,eefebb7325534333275674ae88404bfc60a68e0246b46614dcf238ccd246042a,/home/morophi/harness/config/theta_config.json,1,2026-06-26 15:24:55,2026-06-26 15:44:17,2026-06-26 15:24:55,2026-06-26 15:44:17
52,run_b_neo_excute_#21_20260626T162628KST,lacp_run_b_scenario_v1,48fad82511cb366257502b756e360ae7e0c3c697f388a68519b822f46f9a5b7c,run_b,run_b,formal,,lacp_docs_v1_full_guideline_table_safe_body_only_v1,lacp_docs_v1_full_guideline_table_safe_body_only_v1,flashattention_off_cooldown60,accepted,,/home/morophi/agent/scenario/lacp_run_b_scenario_v1.json,,151f9a05fb677300a6ca2488776a292d6aca954910830e192ee2acab30813182,sc_protocol_v1,eefebb7325534333275674ae88404bfc60a68e0246b46614dcf238ccd246042a,/home/morophi/harness/config/theta_config.json,1,2026-06-26 16:27:29,2026-06-26 16:46:51,2026-06-26 16:27:29,2026-06-26 16:46:51
53,run_b_neo_excute_#22_20260626T164651KST,lacp_run_b_scenario_v1,48fad82511cb366257502b756e360ae7e0c3c697f388a68519b822f46f9a5b7c,run_b,run_b,formal,,lacp_docs_v1_full_guideline_table_safe_body_only_v1,lacp_docs_v1_full_guideline_table_safe_body_only_v1,flashattention_off_cooldown60,accepted,,/home/morophi/agent/scenario/lacp_run_b_scenario_v1.json,,151f9a05fb677300a6ca2488776a292d6aca954910830e192ee2acab30813182,sc_protocol_v1,eefebb7325534333275674ae88404bfc60a68e0246b46614dcf238ccd246042a,/home/morophi/harness/config/theta_config.json,1,2026-06-26 16:47:52,2026-06-26 17:07:14,2026-06-26 16:47:52,2026-06-26 17:07:14
54,run_b_neo_excute_#23_20260626T170715KST,lacp_run_b_scenario_v1,48fad82511cb366257502b756e360ae7e0c3c697f388a68519b822f46f9a5b7c,run_b,run_b,formal,,lacp_docs_v1_full_guideline_table_safe_body_only_v1,lacp_docs_v1_full_guideline_table_safe_body_only_v1,flashattention_off_cooldown60,accepted,,/home/morophi/agent/scenario/lacp_run_b_scenario_v1.json,,151f9a05fb677300a6ca2488776a292d6aca954910830e192ee2acab30813182,sc_protocol_v1,eefebb7325534333275674ae88404bfc60a68e0246b46614dcf238ccd246042a,/home/morophi/harness/config/theta_config.json,1,2026-06-26 17:08:16,2026-06-26 17:27:39,2026-06-26 17:08:16,2026-06-26 17:27:39
55,run_b_neo_excute_#24_20260626T172740KST,lacp_run_b_scenario_v1,48fad82511cb366257502b756e360ae7e0c3c697f388a68519b822f46f9a5b7c,run_b,run_b,formal,,lacp_docs_v1_full_guideline_table_safe_body_only_v1,lacp_docs_v1_full_guideline_table_safe_body_only_v1,flashattention_off_cooldown60,accepted,,/home/morophi/agent/scenario/lacp_run_b_scenario_v1.json,,151f9a05fb677300a6ca2488776a292d6aca954910830e192ee2acab30813182,sc_protocol_v1,eefebb7325534333275674ae88404bfc60a68e0246b46614dcf238ccd246042a,/home/morophi/harness/config/theta_config.json,1,2026-06-26 17:28:41,2026-06-26 17:48:04,2026-06-26 17:28:41,2026-06-26 17:48:04
56,run_b_neo_excute_#25_20260626T174804KST,lacp_run_b_scenario_v1,48fad82511cb366257502b756e360ae7e0c3c697f388a68519b822f46f9a5b7c,run_b,run_b,formal,,lacp_docs_v1_full_guideline_table_safe_body_only_v1,lacp_docs_v1_full_guideline_table_safe_body_only_v1,flashattention_off_cooldown60,accepted,,/home/morophi/agent/scenario/lacp_run_b_scenario_v1.json,,151f9a05fb677300a6ca2488776a292d6aca954910830e192ee2acab30813182,sc_protocol_v1,eefebb7325534333275674ae88404bfc60a68e0246b46614dcf238ccd246042a,/home/morophi/harness/config/theta_config.json,1,2026-06-26 17:49:05,2026-06-26 18:08:27,2026-06-26 17:49:05,2026-06-26 18:08:27
57,run_b_neo_excute_#26_20260626T183031KST,lacp_run_b_scenario_v1,48fad82511cb366257502b756e360ae7e0c3c697f388a68519b822f46f9a5b7c,run_b,run_b,formal,,lacp_docs_v1_full_guideline_table_safe_body_only_v1,lacp_docs_v1_full_guideline_table_safe_body_only_v1,flashattention_off_cooldown60,accepted,,/home/morophi/agent/scenario/lacp_run_b_scenario_v1.json,,151f9a05fb677300a6ca2488776a292d6aca954910830e192ee2acab30813182,sc_protocol_v1,eefebb7325534333275674ae88404bfc60a68e0246b46614dcf238ccd246042a,/home/morophi/harness/config/theta_config.json,1,2026-06-26 18:31:32,2026-06-26 18:50:55,2026-06-26 18:31:32,2026-06-26 18:50:55
58,run_b_neo_excute_#27_20260626T185055KST,lacp_run_b_scenario_v1,48fad82511cb366257502b756e360ae7e0c3c697f388a68519b822f46f9a5b7c,run_b,run_b,formal,,lacp_docs_v1_full_guideline_table_safe_body_only_v1,lacp_docs_v1_full_guideline_table_safe_body_only_v1,flashattention_off_cooldown60,accepted,,/home/morophi/agent/scenario/lacp_run_b_scenario_v1.json,,151f9a05fb677300a6ca2488776a292d6aca954910830e192ee2acab30813182,sc_protocol_v1,eefebb7325534333275674ae88404bfc60a68e0246b46614dcf238ccd246042a,/home/morophi/harness/config/theta_config.json,1,2026-06-26 18:51:56,2026-06-26 19:11:18,2026-06-26 18:51:56,2026-06-26 19:11:18
59,run_b_neo_excute_#28_20260626T191119KST,lacp_run_b_scenario_v1,48fad82511cb366257502b756e360ae7e0c3c697f388a68519b822f46f9a5b7c,run_b,run_b,formal,,lacp_docs_v1_full_guideline_table_safe_body_only_v1,lacp_docs_v1_full_guideline_table_safe_body_only_v1,flashattention_off_cooldown60,accepted,,/home/morophi/agent/scenario/lacp_run_b_scenario_v1.json,,151f9a05fb677300a6ca2488776a292d6aca954910830e192ee2acab30813182,sc_protocol_v1,eefebb7325534333275674ae88404bfc60a68e0246b46614dcf238ccd246042a,/home/morophi/harness/config/theta_config.json,1,2026-06-26 19:12:20,2026-06-26 19:31:42,2026-06-26 19:12:20,2026-06-26 19:31:42
60,run_b_neo_excute_#29_20260626T193142KST,lacp_run_b_scenario_v1,48fad82511cb366257502b756e360ae7e0c3c697f388a68519b822f46f9a5b7c,run_b,run_b,formal,,lacp_docs_v1_full_guideline_table_safe_body_only_v1,lacp_docs_v1_full_guideline_table_safe_body_only_v1,flashattention_off_cooldown60,accepted,,/home/morophi/agent/scenario/lacp_run_b_scenario_v1.json,,151f9a05fb677300a6ca2488776a292d6aca954910830e192ee2acab30813182,sc_protocol_v1,eefebb7325534333275674ae88404bfc60a68e0246b46614dcf238ccd246042a,/home/morophi/harness/config/theta_config.json,1,2026-06-26 19:32:44,2026-06-26 19:52:07,2026-06-26 19:32:44,2026-06-26 19:52:07
61,run_b_neo_excute_#30_20260626T195208KST,lacp_run_b_scenario_v1,48fad82511cb366257502b756e360ae7e0c3c697f388a68519b822f46f9a5b7c,run_b,run_b,formal,,lacp_docs_v1_full_guideline_table_safe_body_only_v1,lacp_docs_v1_full_guideline_table_safe_body_only_v1,flashattention_off_cooldown60,accepted,,/home/morophi/agent/scenario/lacp_run_b_scenario_v1.json,,151f9a05fb677300a6ca2488776a292d6aca954910830e192ee2acab30813182,sc_protocol_v1,eefebb7325534333275674ae88404bfc60a68e0246b46614dcf238ccd246042a,/home/morophi/harness/config/theta_config.json,1,2026-06-26 19:53:09,2026-06-26 20:12:31,2026-06-26 19:53:09,2026-06-26 20:12:31
62,cf_a_rev9_10_A-ragsc_B-ragonly_C-baseline_np512_hist3_20260630T091002KST#1,lacp_cf_scenario_v1,80c9e4b7f51d37b263a4faca83c6e83cd3be52e480f83ec4853f50f4f568ffc8,cf_a,cf_a,formal,,lacp_docs_v1_full_guideline_table_safe_body_only_v1,,flashattention_off_cooldown60,accepted,,/home/morophi/agent/scenario/lacp_cf_scenario_v1.json,,b900abd1e82cdfbecc9f6d00f5ec1dbf78a297eb42183b7abc5e093a4f49dd43,sc_protocol_v1,eefebb7325534333275674ae88404bfc60a68e0246b46614dcf238ccd246042a,/home/morophi/harness/config/theta_config.json,1,2026-06-30 09:11:03,2026-06-30 09:26:56,2026-06-30 09:11:03,2026-06-30 09:26:56
63,cf_a_rev9_10_A-ragsc_B-ragonly_C-baseline_np512_hist3_20260630T092657KST#2,lacp_cf_scenario_v1,80c9e4b7f51d37b263a4faca83c6e83cd3be52e480f83ec4853f50f4f568ffc8,cf_a,cf_a,formal,,lacp_docs_v1_full_guideline_table_safe_body_only_v1,,flashattention_off_cooldown60,accepted,,/home/morophi/agent/scenario/lacp_cf_scenario_v1.json,,b900abd1e82cdfbecc9f6d00f5ec1dbf78a297eb42183b7abc5e093a4f49dd43,sc_protocol_v1,eefebb7325534333275674ae88404bfc60a68e0246b46614dcf238ccd246042a,/home/morophi/harness/config/theta_config.json,1,2026-06-30 09:27:54,2026-06-30 09:43:48,2026-06-30 09:27:54,2026-06-30 09:43:48
64,cf_a_rev9_10_A-ragsc_B-ragonly_C-baseline_np512_hist3_20260630T094349KST#3,lacp_cf_scenario_v1,80c9e4b7f51d37b263a4faca83c6e83cd3be52e480f83ec4853f50f4f568ffc8,cf_a,cf_a,formal,,lacp_docs_v1_full_guideline_table_safe_body_only_v1,,flashattention_off_cooldown60,accepted,,/home/morophi/agent/scenario/lacp_cf_scenario_v1.json,,b900abd1e82cdfbecc9f6d00f5ec1dbf78a297eb42183b7abc5e093a4f49dd43,sc_protocol_v1,eefebb7325534333275674ae88404bfc60a68e0246b46614dcf238ccd246042a,/home/morophi/harness/config/theta_config.json,1,2026-06-30 09:44:46,2026-06-30 10:00:40,2026-06-30 09:44:46,2026-06-30 10:00:40
65,cf_a_rev9_10_A-ragsc_B-ragonly_C-baseline_np512_hist3_20260630T100040KST#4,lacp_cf_scenario_v1,80c9e4b7f51d37b263a4faca83c6e83cd3be52e480f83ec4853f50f4f568ffc8,cf_a,cf_a,formal,,lacp_docs_v1_full_guideline_table_safe_body_only_v1,,flashattention_off_cooldown60,accepted,,/home/morophi/agent/scenario/lacp_cf_scenario_v1.json,,b900abd1e82cdfbecc9f6d00f5ec1dbf78a297eb42183b7abc5e093a4f49dd43,sc_protocol_v1,eefebb7325534333275674ae88404bfc60a68e0246b46614dcf238ccd246042a,/home/morophi/harness/config/theta_config.json,1,2026-06-30 10:01:37,2026-06-30 10:17:30,2026-06-30 10:01:37,2026-06-30 10:17:30
66,cf_a_rev9_10_A-ragsc_B-ragonly_C-baseline_np512_hist3_20260630T101731KST#5,lacp_cf_scenario_v1,80c9e4b7f51d37b263a4faca83c6e83cd3be52e480f83ec4853f50f4f568ffc8,cf_a,cf_a,formal,,lacp_docs_v1_full_guideline_table_safe_body_only_v1,,flashattention_off_cooldown60,accepted,,/home/morophi/agent/scenario/lacp_cf_scenario_v1.json,,b900abd1e82cdfbecc9f6d00f5ec1dbf78a297eb42183b7abc5e093a4f49dd43,sc_protocol_v1,eefebb7325534333275674ae88404bfc60a68e0246b46614dcf238ccd246042a,/home/morophi/harness/config/theta_config.json,1,2026-06-30 10:18:28,2026-06-30 10:34:22,2026-06-30 10:18:28,2026-06-30 10:34:22
67,cf_b_rev9_10_A-ragsc_B-ragonly_C-baseline_np512_hist3_20260630T105343KST#1,lacp_cf_scenario_v1,80c9e4b7f51d37b263a4faca83c6e83cd3be52e480f83ec4853f50f4f568ffc8,cf_b,cf_b,formal,,lacp_docs_v1_full_guideline_table_safe_body_only_v1,lacp_docs_v1_full_guideline_table_safe_body_only_v1,flashattention_off_cooldown60,accepted,,/home/morophi/agent/scenario/lacp_cf_scenario_v1.json,,b900abd1e82cdfbecc9f6d00f5ec1dbf78a297eb42183b7abc5e093a4f49dd43,sc_protocol_v1,eefebb7325534333275674ae88404bfc60a68e0246b46614dcf238ccd246042a,/home/morophi/harness/config/theta_config.json,1,2026-06-30 10:54:50,2026-06-30 11:14:47,2026-06-30 10:54:50,2026-06-30 11:14:47
68,cf_b_rev9_10_A-ragsc_B-ragonly_C-baseline_np512_hist3_20260630T111448KST#2,lacp_cf_scenario_v1,80c9e4b7f51d37b263a4faca83c6e83cd3be52e480f83ec4853f50f4f568ffc8,cf_b,cf_b,formal,,lacp_docs_v1_full_guideline_table_safe_body_only_v1,lacp_docs_v1_full_guideline_table_safe_body_only_v1,flashattention_off_cooldown60,accepted,,/home/morophi/agent/scenario/lacp_cf_scenario_v1.json,,b900abd1e82cdfbecc9f6d00f5ec1dbf78a297eb42183b7abc5e093a4f49dd43,sc_protocol_v1,eefebb7325534333275674ae88404bfc60a68e0246b46614dcf238ccd246042a,/home/morophi/harness/config/theta_config.json,1,2026-06-30 11:15:51,2026-06-30 11:35:51,2026-06-30 11:15:51,2026-06-30 11:35:51
69,cf_b_rev9_10_A-ragsc_B-ragonly_C-baseline_np512_hist3_20260630T113551KST#3,lacp_cf_scenario_v1,80c9e4b7f51d37b263a4faca83c6e83cd3be52e480f83ec4853f50f4f568ffc8,cf_b,cf_b,formal,,lacp_docs_v1_full_guideline_table_safe_body_only_v1,lacp_docs_v1_full_guideline_table_safe_body_only_v1,flashattention_off_cooldown60,accepted,,/home/morophi/agent/scenario/lacp_cf_scenario_v1.json,,b900abd1e82cdfbecc9f6d00f5ec1dbf78a297eb42183b7abc5e093a4f49dd43,sc_protocol_v1,eefebb7325534333275674ae88404bfc60a68e0246b46614dcf238ccd246042a,/home/morophi/harness/config/theta_config.json,1,2026-06-30 11:36:54,2026-06-30 11:56:56,2026-06-30 11:36:54,2026-06-30 11:56:56
70,cf_b_rev9_10_A-ragsc_B-ragonly_C-baseline_np512_hist3_20260630T115656KST#4,lacp_cf_scenario_v1,80c9e4b7f51d37b263a4faca83c6e83cd3be52e480f83ec4853f50f4f568ffc8,cf_b,cf_b,formal,,lacp_docs_v1_full_guideline_table_safe_body_only_v1,lacp_docs_v1_full_guideline_table_safe_body_only_v1,flashattention_off_cooldown60,accepted,,/home/morophi/agent/scenario/lacp_cf_scenario_v1.json,,b900abd1e82cdfbecc9f6d00f5ec1dbf78a297eb42183b7abc5e093a4f49dd43,sc_protocol_v1,eefebb7325534333275674ae88404bfc60a68e0246b46614dcf238ccd246042a,/home/morophi/harness/config/theta_config.json,1,2026-06-30 11:57:59,2026-06-30 12:18:02,2026-06-30 11:57:59,2026-06-30 12:18:02
71,cf_b_rev9_10_A-ragsc_B-ragonly_C-baseline_np512_hist3_20260630T121803KST#5,lacp_cf_scenario_v1,80c9e4b7f51d37b263a4faca83c6e83cd3be52e480f83ec4853f50f4f568ffc8,cf_b,cf_b,formal,,lacp_docs_v1_full_guideline_table_safe_body_only_v1,lacp_docs_v1_full_guideline_table_safe_body_only_v1,flashattention_off_cooldown60,accepted,,/home/morophi/agent/scenario/lacp_cf_scenario_v1.json,,b900abd1e82cdfbecc9f6d00f5ec1dbf78a297eb42183b7abc5e093a4f49dd43,sc_protocol_v1,eefebb7325534333275674ae88404bfc60a68e0246b46614dcf238ccd246042a,/home/morophi/harness/config/theta_config.json,1,2026-06-30 12:19:05,2026-06-30 12:39:07,2026-06-30 12:19:05,2026-06-30 12:39:07
72,cf_c_rev9_10_A-ragsc_B-ragonly_C-baseline_np512_hist3_20260630T130258KST#1,lacp_cf_scenario_v1,80c9e4b7f51d37b263a4faca83c6e83cd3be52e480f83ec4853f50f4f568ffc8,cf_c,cf_c,formal,,lacp_docs_v1_full_guideline_table_safe_body_only_v1,,flashattention_off_cooldown60,accepted,,/home/morophi/agent/scenario/lacp_cf_scenario_v1.json,,b900abd1e82cdfbecc9f6d00f5ec1dbf78a297eb42183b7abc5e093a4f49dd43,sc_protocol_v1,eefebb7325534333275674ae88404bfc60a68e0246b46614dcf238ccd246042a,/home/morophi/harness/config/theta_config.json,1,2026-06-30 13:03:55,2026-06-30 13:20:17,2026-06-30 13:03:55,2026-06-30 13:20:17
73,cf_c_rev9_10_A-ragsc_B-ragonly_C-baseline_np512_hist3_20260630T132017KST#2,lacp_cf_scenario_v1,80c9e4b7f51d37b263a4faca83c6e83cd3be52e480f83ec4853f50f4f568ffc8,cf_c,cf_c,formal,,lacp_docs_v1_full_guideline_table_safe_body_only_v1,,flashattention_off_cooldown60,accepted,,/home/morophi/agent/scenario/lacp_cf_scenario_v1.json,,b900abd1e82cdfbecc9f6d00f5ec1dbf78a297eb42183b7abc5e093a4f49dd43,sc_protocol_v1,eefebb7325534333275674ae88404bfc60a68e0246b46614dcf238ccd246042a,/home/morophi/harness/config/theta_config.json,1,2026-06-30 13:21:15,2026-06-30 13:37:36,2026-06-30 13:21:15,2026-06-30 13:37:36
74,cf_c_rev9_10_A-ragsc_B-ragonly_C-baseline_np512_hist3_20260630T133737KST#3,lacp_cf_scenario_v1,80c9e4b7f51d37b263a4faca83c6e83cd3be52e480f83ec4853f50f4f568ffc8,cf_c,cf_c,formal,,lacp_docs_v1_full_guideline_table_safe_body_only_v1,,flashattention_off_cooldown60,accepted,,/home/morophi/agent/scenario/lacp_cf_scenario_v1.json,,b900abd1e82cdfbecc9f6d00f5ec1dbf78a297eb42183b7abc5e093a4f49dd43,sc_protocol_v1,eefebb7325534333275674ae88404bfc60a68e0246b46614dcf238ccd246042a,/home/morophi/harness/config/theta_config.json,1,2026-06-30 13:38:34,2026-06-30 13:54:55,2026-06-30 13:38:34,2026-06-30 13:54:55
75,cf_c_rev9_10_A-ragsc_B-ragonly_C-baseline_np512_hist3_20260630T135456KST#4,lacp_cf_scenario_v1,80c9e4b7f51d37b263a4faca83c6e83cd3be52e480f83ec4853f50f4f568ffc8,cf_c,cf_c,formal,,lacp_docs_v1_full_guideline_table_safe_body_only_v1,,flashattention_off_cooldown60,accepted,,/home/morophi/agent/scenario/lacp_cf_scenario_v1.json,,b900abd1e82cdfbecc9f6d00f5ec1dbf78a297eb42183b7abc5e093a4f49dd43,sc_protocol_v1,eefebb7325534333275674ae88404bfc60a68e0246b46614dcf238ccd246042a,/home/morophi/harness/config/theta_config.json,1,2026-06-30 13:55:53,2026-06-30 14:12:15,2026-06-30 13:55:53,2026-06-30 14:12:15
76,cf_c_rev9_10_A-ragsc_B-ragonly_C-baseline_np512_hist3_20260630T141215KST#5,lacp_cf_scenario_v1,80c9e4b7f51d37b263a4faca83c6e83cd3be52e480f83ec4853f50f4f568ffc8,cf_c,cf_c,formal,,lacp_docs_v1_full_guideline_table_safe_body_only_v1,,flashattention_off_cooldown60,accepted,,/home/morophi/agent/scenario/lacp_cf_scenario_v1.json,,b900abd1e82cdfbecc9f6d00f5ec1dbf78a297eb42183b7abc5e093a4f49dd43,sc_protocol_v1,eefebb7325534333275674ae88404bfc60a68e0246b46614dcf238ccd246042a,/home/morophi/harness/config/theta_config.json,1,2026-06-30 14:13:13,2026-06-30 14:29:35,2026-06-30 14:13:13,2026-06-30 14:29:35
77,cf_d_rev9_10_A-ragsc_B-ragonly_C-baseline_np512_hist3_20260630T145355KST#1,lacp_cf_scenario_v1,80c9e4b7f51d37b263a4faca83c6e83cd3be52e480f83ec4853f50f4f568ffc8,cf_d,cf_d,formal,,lacp_docs_v1_full_guideline_table_safe_body_only_v1,,flashattention_off_cooldown60,accepted,,/home/morophi/agent/scenario/lacp_cf_scenario_v1.json,,b900abd1e82cdfbecc9f6d00f5ec1dbf78a297eb42183b7abc5e093a4f49dd43,sc_protocol_v1,eefebb7325534333275674ae88404bfc60a68e0246b46614dcf238ccd246042a,/home/morophi/harness/config/theta_config.json,1,2026-06-30 14:54:52,2026-06-30 15:11:28,2026-06-30 14:54:52,2026-06-30 15:11:28
78,cf_d_rev9_10_A-ragsc_B-ragonly_C-baseline_np512_hist3_20260630T151128KST#2,lacp_cf_scenario_v1,80c9e4b7f51d37b263a4faca83c6e83cd3be52e480f83ec4853f50f4f568ffc8,cf_d,cf_d,formal,,lacp_docs_v1_full_guideline_table_safe_body_only_v1,,flashattention_off_cooldown60,accepted,,/home/morophi/agent/scenario/lacp_cf_scenario_v1.json,,b900abd1e82cdfbecc9f6d00f5ec1dbf78a297eb42183b7abc5e093a4f49dd43,sc_protocol_v1,eefebb7325534333275674ae88404bfc60a68e0246b46614dcf238ccd246042a,/home/morophi/harness/config/theta_config.json,1,2026-06-30 15:12:26,2026-06-30 15:29:01,2026-06-30 15:12:26,2026-06-30 15:29:01
79,cf_d_rev9_10_A-ragsc_B-ragonly_C-baseline_np512_hist3_20260630T152901KST#3,lacp_cf_scenario_v1,80c9e4b7f51d37b263a4faca83c6e83cd3be52e480f83ec4853f50f4f568ffc8,cf_d,cf_d,formal,,lacp_docs_v1_full_guideline_table_safe_body_only_v1,,flashattention_off_cooldown60,accepted,,/home/morophi/agent/scenario/lacp_cf_scenario_v1.json,,b900abd1e82cdfbecc9f6d00f5ec1dbf78a297eb42183b7abc5e093a4f49dd43,sc_protocol_v1,eefebb7325534333275674ae88404bfc60a68e0246b46614dcf238ccd246042a,/home/morophi/harness/config/theta_config.json,1,2026-06-30 15:29:59,2026-06-30 15:46:35,2026-06-30 15:29:59,2026-06-30 15:46:35
80,cf_d_rev9_10_A-ragsc_B-ragonly_C-baseline_np512_hist3_20260630T154636KST#4,lacp_cf_scenario_v1,80c9e4b7f51d37b263a4faca83c6e83cd3be52e480f83ec4853f50f4f568ffc8,cf_d,cf_d,formal,,lacp_docs_v1_full_guideline_table_safe_body_only_v1,,flashattention_off_cooldown60,accepted,,/home/morophi/agent/scenario/lacp_cf_scenario_v1.json,,b900abd1e82cdfbecc9f6d00f5ec1dbf78a297eb42183b7abc5e093a4f49dd43,sc_protocol_v1,eefebb7325534333275674ae88404bfc60a68e0246b46614dcf238ccd246042a,/home/morophi/harness/config/theta_config.json,1,2026-06-30 15:47:33,2026-06-30 16:04:09,2026-06-30 15:47:33,2026-06-30 16:04:09
81,cf_d_rev9_10_A-ragsc_B-ragonly_C-baseline_np512_hist3_20260630T160409KST#5,lacp_cf_scenario_v1,80c9e4b7f51d37b263a4faca83c6e83cd3be52e480f83ec4853f50f4f568ffc8,cf_d,cf_d,formal,,lacp_docs_v1_full_guideline_table_safe_body_only_v1,,flashattention_off_cooldown60,accepted,,/home/morophi/agent/scenario/lacp_cf_scenario_v1.json,,b900abd1e82cdfbecc9f6d00f5ec1dbf78a297eb42183b7abc5e093a4f49dd43,sc_protocol_v1,eefebb7325534333275674ae88404bfc60a68e0246b46614dcf238ccd246042a,/home/morophi/harness/config/theta_config.json,1,2026-06-30 16:05:07,2026-06-30 16:21:42,2026-06-30 16:05:07,2026-06-30 16:21:42
82,cf_e_rev9_10_A-ragsc_B-ragonly_C-baseline_np512_hist3_20260630T164522KST#1,lacp_cf_scenario_v1,80c9e4b7f51d37b263a4faca83c6e83cd3be52e480f83ec4853f50f4f568ffc8,cf_e,cf_e,formal,,lacp_docs_v1_full_guideline_table_safe_body_only_v1,lacp_docs_v1_full_guideline_table_safe_body_only_v1,flashattention_off_cooldown60,accepted,,/home/morophi/agent/scenario/lacp_cf_scenario_v1.json,,b900abd1e82cdfbecc9f6d00f5ec1dbf78a297eb42183b7abc5e093a4f49dd43,sc_protocol_v1,eefebb7325534333275674ae88404bfc60a68e0246b46614dcf238ccd246042a,/home/morophi/harness/config/theta_config.json,1,2026-06-30 16:46:29,2026-06-30 17:04:07,2026-06-30 16:46:29,2026-06-30 17:04:07
83,cf_e_rev9_10_A-ragsc_B-ragonly_C-baseline_np512_hist3_20260630T170407KST#2,lacp_cf_scenario_v1,80c9e4b7f51d37b263a4faca83c6e83cd3be52e480f83ec4853f50f4f568ffc8,cf_e,cf_e,formal,,lacp_docs_v1_full_guideline_table_safe_body_only_v1,lacp_docs_v1_full_guideline_table_safe_body_only_v1,flashattention_off_cooldown60,accepted,,/home/morophi/agent/scenario/lacp_cf_scenario_v1.json,,b900abd1e82cdfbecc9f6d00f5ec1dbf78a297eb42183b7abc5e093a4f49dd43,sc_protocol_v1,eefebb7325534333275674ae88404bfc60a68e0246b46614dcf238ccd246042a,/home/morophi/harness/config/theta_config.json,1,2026-06-30 17:05:14,2026-06-30 17:22:55,2026-06-30 17:05:14,2026-06-30 17:22:55
84,cf_e_rev9_10_A-ragsc_B-ragonly_C-baseline_np512_hist3_20260630T172255KST#3,lacp_cf_scenario_v1,80c9e4b7f51d37b263a4faca83c6e83cd3be52e480f83ec4853f50f4f568ffc8,cf_e,cf_e,formal,,lacp_docs_v1_full_guideline_table_safe_body_only_v1,lacp_docs_v1_full_guideline_table_safe_body_only_v1,flashattention_off_cooldown60,accepted,,/home/morophi/agent/scenario/lacp_cf_scenario_v1.json,,b900abd1e82cdfbecc9f6d00f5ec1dbf78a297eb42183b7abc5e093a4f49dd43,sc_protocol_v1,eefebb7325534333275674ae88404bfc60a68e0246b46614dcf238ccd246042a,/home/morophi/harness/config/theta_config.json,1,2026-06-30 17:24:01,2026-06-30 17:41:42,2026-06-30 17:24:01,2026-06-30 17:41:42
85,cf_e_rev9_10_A-ragsc_B-ragonly_C-baseline_np512_hist3_20260630T174142KST#4,lacp_cf_scenario_v1,80c9e4b7f51d37b263a4faca83c6e83cd3be52e480f83ec4853f50f4f568ffc8,cf_e,cf_e,formal,,lacp_docs_v1_full_guideline_table_safe_body_only_v1,lacp_docs_v1_full_guideline_table_safe_body_only_v1,flashattention_off_cooldown60,accepted,,/home/morophi/agent/scenario/lacp_cf_scenario_v1.json,,b900abd1e82cdfbecc9f6d00f5ec1dbf78a297eb42183b7abc5e093a4f49dd43,sc_protocol_v1,eefebb7325534333275674ae88404bfc60a68e0246b46614dcf238ccd246042a,/home/morophi/harness/config/theta_config.json,1,2026-06-30 17:42:49,2026-06-30 18:00:29,2026-06-30 17:42:49,2026-06-30 18:00:29
86,cf_e_rev9_10_A-ragsc_B-ragonly_C-baseline_np512_hist3_20260630T180030KST#5,lacp_cf_scenario_v1,80c9e4b7f51d37b263a4faca83c6e83cd3be52e480f83ec4853f50f4f568ffc8,cf_e,cf_e,formal,,lacp_docs_v1_full_guideline_table_safe_body_only_v1,lacp_docs_v1_full_guideline_table_safe_body_only_v1,flashattention_off_cooldown60,accepted,,/home/morophi/agent/scenario/lacp_cf_scenario_v1.json,,b900abd1e82cdfbecc9f6d00f5ec1dbf78a297eb42183b7abc5e093a4f49dd43,sc_protocol_v1,eefebb7325534333275674ae88404bfc60a68e0246b46614dcf238ccd246042a,/home/morophi/harness/config/theta_config.json,1,2026-06-30 18:01:36,2026-06-30 18:19:17,2026-06-30 18:01:36,2026-06-30 18:19:17
87,cf_f_rev9_10_A-ragsc_B-ragonly_C-baseline_np512_hist3_20260630T194500KST#1,lacp_cf_scenario_v1,80c9e4b7f51d37b263a4faca83c6e83cd3be52e480f83ec4853f50f4f568ffc8,cf_f,cf_f,formal,,lacp_docs_v1_full_guideline_table_safe_body_only_v1,,flashattention_off_cooldown60,accepted,,/home/morophi/agent/scenario/lacp_cf_scenario_v1.json,,b900abd1e82cdfbecc9f6d00f5ec1dbf78a297eb42183b7abc5e093a4f49dd43,sc_protocol_v1,eefebb7325534333275674ae88404bfc60a68e0246b46614dcf238ccd246042a,/home/morophi/harness/config/theta_config.json,1,2026-06-30 19:46:03,2026-06-30 20:04:00,2026-06-30 19:46:03,2026-06-30 20:04:00
88,cf_f_rev9_10_A-ragsc_B-ragonly_C-baseline_np512_hist3_20260630T200400KST#2,lacp_cf_scenario_v1,80c9e4b7f51d37b263a4faca83c6e83cd3be52e480f83ec4853f50f4f568ffc8,cf_f,cf_f,formal,,lacp_docs_v1_full_guideline_table_safe_body_only_v1,,flashattention_off_cooldown60,accepted,,/home/morophi/agent/scenario/lacp_cf_scenario_v1.json,,b900abd1e82cdfbecc9f6d00f5ec1dbf78a297eb42183b7abc5e093a4f49dd43,sc_protocol_v1,eefebb7325534333275674ae88404bfc60a68e0246b46614dcf238ccd246042a,/home/morophi/harness/config/theta_config.json,1,2026-06-30 20:04:59,2026-06-30 20:23:00,2026-06-30 20:04:59,2026-06-30 20:23:00
89,cf_f_rev9_10_A-ragsc_B-ragonly_C-baseline_np512_hist3_20260630T202300KST#3,lacp_cf_scenario_v1,80c9e4b7f51d37b263a4faca83c6e83cd3be52e480f83ec4853f50f4f568ffc8,cf_f,cf_f,formal,,lacp_docs_v1_full_guideline_table_safe_body_only_v1,,flashattention_off_cooldown60,accepted,,/home/morophi/agent/scenario/lacp_cf_scenario_v1.json,,b900abd1e82cdfbecc9f6d00f5ec1dbf78a297eb42183b7abc5e093a4f49dd43,sc_protocol_v1,eefebb7325534333275674ae88404bfc60a68e0246b46614dcf238ccd246042a,/home/morophi/harness/config/theta_config.json,1,2026-06-30 20:24:00,2026-06-30 20:42:04,2026-06-30 20:24:00,2026-06-30 20:42:04
90,cf_f_rev9_10_A-ragsc_B-ragonly_C-baseline_np512_hist3_20260630T204204KST#4,lacp_cf_scenario_v1,80c9e4b7f51d37b263a4faca83c6e83cd3be52e480f83ec4853f50f4f568ffc8,cf_f,cf_f,formal,,lacp_docs_v1_full_guideline_table_safe_body_only_v1,,flashattention_off_cooldown60,accepted,,/home/morophi/agent/scenario/lacp_cf_scenario_v1.json,,b900abd1e82cdfbecc9f6d00f5ec1dbf78a297eb42183b7abc5e093a4f49dd43,sc_protocol_v1,eefebb7325534333275674ae88404bfc60a68e0246b46614dcf238ccd246042a,/home/morophi/harness/config/theta_config.json,1,2026-06-30 20:43:03,2026-06-30 21:01:06,2026-06-30 20:43:03,2026-06-30 21:01:06
91,cf_f_rev9_10_A-ragsc_B-ragonly_C-baseline_np512_hist3_20260630T210107KST#5,lacp_cf_scenario_v1,80c9e4b7f51d37b263a4faca83c6e83cd3be52e480f83ec4853f50f4f568ffc8,cf_f,cf_f,formal,,lacp_docs_v1_full_guideline_table_safe_body_only_v1,,flashattention_off_cooldown60,accepted,,/home/morophi/agent/scenario/lacp_cf_scenario_v1.json,,b900abd1e82cdfbecc9f6d00f5ec1dbf78a297eb42183b7abc5e093a4f49dd43,sc_protocol_v1,eefebb7325534333275674ae88404bfc60a68e0246b46614dcf238ccd246042a,/home/morophi/harness/config/theta_config.json,1,2026-06-30 21:02:06,2026-06-30 21:20:10,2026-06-30 21:02:06,2026-06-30 21:20:10
92,cf_f_rev9_10_A-ragsc_B-ragonly_C-baseline_np512_hist3_20260630T212010KST#6,lacp_cf_scenario_v1,80c9e4b7f51d37b263a4faca83c6e83cd3be52e480f83ec4853f50f4f568ffc8,cf_f,cf_f,formal,,lacp_docs_v1_full_guideline_table_safe_body_only_v1,,flashattention_off_cooldown60,accepted,,/home/morophi/agent/scenario/lacp_cf_scenario_v1.json,,b900abd1e82cdfbecc9f6d00f5ec1dbf78a297eb42183b7abc5e093a4f49dd43,sc_protocol_v1,eefebb7325534333275674ae88404bfc60a68e0246b46614dcf238ccd246042a,/home/morophi/harness/config/theta_config.json,1,2026-06-30 21:21:10,2026-06-30 21:39:14,2026-06-30 21:21:10,2026-06-30 21:39:14
93,cf_f_rev9_10_A-ragsc_B-ragonly_C-baseline_np512_hist3_20260630T213914KST#7,lacp_cf_scenario_v1,80c9e4b7f51d37b263a4faca83c6e83cd3be52e480f83ec4853f50f4f568ffc8,cf_f,cf_f,formal,,lacp_docs_v1_full_guideline_table_safe_body_only_v1,,flashattention_off_cooldown60,accepted,,/home/morophi/agent/scenario/lacp_cf_scenario_v1.json,,b900abd1e82cdfbecc9f6d00f5ec1dbf78a297eb42183b7abc5e093a4f49dd43,sc_protocol_v1,eefebb7325534333275674ae88404bfc60a68e0246b46614dcf238ccd246042a,/home/morophi/harness/config/theta_config.json,1,2026-06-30 21:40:13,2026-06-30 21:58:16,2026-06-30 21:40:13,2026-06-30 21:58:16
94,cf_f_rev9_10_A-ragsc_B-ragonly_C-baseline_np512_hist3_20260630T215817KST#8,lacp_cf_scenario_v1,80c9e4b7f51d37b263a4faca83c6e83cd3be52e480f83ec4853f50f4f568ffc8,cf_f,cf_f,formal,,lacp_docs_v1_full_guideline_table_safe_body_only_v1,,flashattention_off_cooldown60,accepted,,/home/morophi/agent/scenario/lacp_cf_scenario_v1.json,,b900abd1e82cdfbecc9f6d00f5ec1dbf78a297eb42183b7abc5e093a4f49dd43,sc_protocol_v1,eefebb7325534333275674ae88404bfc60a68e0246b46614dcf238ccd246042a,/home/morophi/harness/config/theta_config.json,1,2026-06-30 21:59:16,2026-06-30 22:17:19,2026-06-30 21:59:16,2026-06-30 22:17:19
95,cf_f_rev9_10_A-ragsc_B-ragonly_C-baseline_np512_hist3_20260630T221720KST#9,lacp_cf_scenario_v1,80c9e4b7f51d37b263a4faca83c6e83cd3be52e480f83ec4853f50f4f568ffc8,cf_f,cf_f,formal,,lacp_docs_v1_full_guideline_table_safe_body_only_v1,,flashattention_off_cooldown60,accepted,,/home/morophi/agent/scenario/lacp_cf_scenario_v1.json,,b900abd1e82cdfbecc9f6d00f5ec1dbf78a297eb42183b7abc5e093a4f49dd43,sc_protocol_v1,eefebb7325534333275674ae88404bfc60a68e0246b46614dcf238ccd246042a,/home/morophi/harness/config/theta_config.json,1,2026-06-30 22:18:19,2026-06-30 22:36:23,2026-06-30 22:18:19,2026-06-30 22:36:23
96,cf_f_rev9_10_A-ragsc_B-ragonly_C-baseline_np512_hist3_20260630T223624KST#10,lacp_cf_scenario_v1,80c9e4b7f51d37b263a4faca83c6e83cd3be52e480f83ec4853f50f4f568ffc8,cf_f,cf_f,formal,,lacp_docs_v1_full_guideline_table_safe_body_only_v1,,flashattention_off_cooldown60,accepted,,/home/morophi/agent/scenario/lacp_cf_scenario_v1.json,,b900abd1e82cdfbecc9f6d00f5ec1dbf78a297eb42183b7abc5e093a4f49dd43,sc_protocol_v1,eefebb7325534333275674ae88404bfc60a68e0246b46614dcf238ccd246042a,/home/morophi/harness/config/theta_config.json,1,2026-06-30 22:37:23,2026-06-30 22:55:27,2026-06-30 22:37:23,2026-06-30 22:55:27
