condition,contrast,runs,pairs,lms_value,cds,ma_assert,srr,sci
cf_a,A-B,5,150,1.852893241762003e-06,0.0,0.0,0.0,0.0
cf_a,B-C,5,150,0.0,0.0,0.0,0.0,0.0
cf_b,A-B,5,150,4.2913078163101896e-07,0.0,0.0,0.0,0.0
cf_b,B-C,5,150,-0.038458282166981765,-0.018642206490039826,0.3083333333333334,-0.19722222222222224,-0.1027777777777778
cf_c,A-B,5,150,-0.06470674852366459,0.004320373634497324,0.07777777777777778,-0.008333333333333326,0.0388888888888889
cf_c,B-C,5,150,0.0,0.0,0.0,0.0,0.0
cf_d,A-B,5,150,-4.349698747811992e-06,0.0,0.0,0.0,0.0
cf_d,B-C,5,150,-0.030047457571026316,-0.006768906116485595,0.011111111111111106,-0.01666666666666667,-0.01388888888888889
cf_e,A-B,5,150,-0.0022381420601408487,0.026037269830703737,-0.07277777777777777,0.06833333333333333,0.05305555555555556
cf_e,B-C,5,150,0.05285824118922047,-0.013155438005924228,0.22,-0.1488888888888889,-0.03361111111111112
cf_f,A-B,10,300,0.03899042255485308,-0.015607508023579922,0.11722222222222224,-0.006111111111111107,0.010833333333333346
cf_f,B-C,10,300,-0.0387133260296403,0.019056868553161625,-0.09722222222222222,0.005555555555555553,-0.01805555555555557
