turn_no,node,lms_value,cds,ma_assert,srr,sci
1,A,1.2749096362345052,0.5109726190567017,0.6666666666666666,0.6666666666666666,0.875
1,B,1.2749057529788268,0.5109726190567017,0.6666666666666666,0.6666666666666666,0.875
1,C,1.1287256172474691,0.5223684906959534,0.6666666666666666,0.6666666666666666,0.875
2,A,1.18716002086214,0.5067550241947174,1.0,0.3333333333333333,0.4166666666666666
2,B,1.1871598731069004,0.5067550241947174,1.0,0.3333333333333333,0.4166666666666666
2,C,1.4723893971792583,0.529625654220581,0.6666666666666666,0.6666666666666666,1.0
3,A,1.1320759262079778,0.6083518266677856,1.0,0.3333333333333333,0.7083333333333333
3,B,1.1320759262079778,0.6083518266677856,1.0,0.3333333333333333,0.7083333333333333
3,C,1.1883951123803853,0.5742993950843811,0.6666666666666666,0.6666666666666666,0.875
4,A,1.2053696028888226,0.6533255279064178,1.0,0.0,0.375
4,B,1.2053696028888226,0.6533255279064178,1.0,0.0,0.375
4,C,1.1211773416510336,0.7173836827278137,0.3333333333333333,0.3333333333333333,0.4166666666666666
5,A,1.1421160458454063,0.5903007388114929,1.0,0.3333333333333333,0.5416666666666666
5,B,1.1421158405286924,0.5903007388114929,1.0,0.3333333333333333,0.5416666666666666
5,C,1.4886760796109837,0.5767276585102081,0.5,0.5,0.5
6,A,1.4046389204434415,0.6552776316801707,0.6666666666666666,0.3333333333333333,0.875
6,B,1.4092927615969413,0.6553690135478973,0.6666666666666666,0.3333333333333333,0.875
6,C,1.1763458251953125,0.6344912648200989,0.6666666666666666,0.6666666666666666,0.875
7,A,0.8878511473546775,0.6346533258756002,1.0,0.5166666666666667,0.875
7,B,0.8694873033534913,0.6355510950088501,1.0,0.5,0.875
7,C,1.5974645540118215,0.7572187930345535,0.5,1.0,0.875
8,A,1.339713731218898,0.7447198808193207,1.0,0.0,0.4583333333333333
8,B,1.4606819220242049,0.7361962497234344,1.0,0.0,0.4583333333333333
8,C,1.2082845168188214,0.6307750046253204,0.5,0.5,0.875
9,A,1.3332337238835266,0.5112617959578832,1.0,0.0,0.625
9,B,1.3261684019337685,0.5372750759124756,0.75,0.0,0.625
9,C,1.3219737193506698,0.4545007944107055,0.5,0.5,0.875
10,A,1.158634003062434,0.6423392713069915,0.9888888888888889,0.01111111111111111,0.7083333333333333
10,B,1.1874300158367708,0.6341713666915894,1.0,0.5,0.875
10,C,1.2775852178533873,0.6232103109359741,0.5,0.5,0.875
11,A,1.2103484759159435,0.5565532316764196,1.0,0.01111111111111111,0.6333333333333333
11,B,1.023256732090827,0.5256737768650055,1.0,0.5,0.875
11,C,1.2646753579378127,0.552584171295166,0.5,0.5,0.875
12,A,1.019983588309936,0.5317307929197947,1.0,0.01111111111111111,0.6333333333333333
12,B,1.3660101561019051,0.4863611459732055,1.0,0.3333333333333333,0.875
12,C,1.238178262487054,0.5307970941066742,0.5,0.5,0.875
13,A,1.2570869242317146,0.6309037148952484,0.5083333333333333,1.0,0.6333333333333333
13,B,1.0749403888295437,0.6291235387325287,0.5,1.0,0.75
13,C,1.358420924528649,0.5654527246952057,0.5,1.0,0.75
14,A,1.0053605919701387,0.6004260937372844,0.7583333333333333,0.0,0.3777777777777778
14,B,1.523216165304184,0.4949337244033813,1.0,0.3333333333333333,0.875
14,C,1.2324143108725545,0.5623862743377686,0.0,1.0,0.875
15,A,0.7831529809757429,0.6479445030291875,0.6666666666666666,0.01111111111111111,0.018055555555555554
15,B,1.0604229935190894,0.6355413794517517,1.0,0.0,0.0
15,C,1.1238629431636247,0.6473213136196136,0.6666666666666666,0.3333333333333333,0.4166666666666666
16,A,1.2379439947558915,0.652136339743932,1.0,0.33888888888888885,0.7138888888888888
16,B,1.3432196276262405,0.623818576335907,1.0,0.5,0.875
16,C,1.3389636794726054,0.53986856341362,1.0,0.5,0.875
17,A,1.2592872169412053,0.7065182735522588,0.7416666666666667,0.25833333333333336,0.6208333333333333
17,B,1.471999408233733,0.7083530426025391,0.6666666666666666,0.3333333333333333,0.5416666666666666
17,C,1.3217505365610125,0.6746698021888733,0.5,0.5,0.625
18,A,1.4488419302345505,0.5721686700979869,0.6611111111111111,0.33888888888888885,0.41944444444444434
18,B,1.4596787447992123,0.6454384326934814,1.0,0.0,0.0
18,C,0.9719543515571526,0.5194415152072906,0.5,0.5,0.5
19,A,1.4236354788983339,0.7388110677401225,0.6555555555555554,0.0,0.013888888888888886
19,B,1.2212554260211832,0.7239482402801514,0.6666666666666666,0.0,0.2916666666666666
19,C,0.9516186804363602,0.5500437021255493,0.0,0.0,0.625
20,A,1.1267329660137102,0.4475401669740676,0.9777777777777777,0.6555555555555554,0.8694444444444444
20,B,1.287464489313689,0.4635007381439209,1.0,0.6666666666666666,0.875
20,C,1.204455855967743,0.524536520242691,0.3333333333333333,0.3333333333333333,0.7083333333333333
21,A,1.3405772372947207,0.6482916792233785,0.5,0.016666666666666666,0.25833333333333336
21,B,1.29574594188195,0.5929625034332275,0.75,0.25,0.625
21,C,1.4142357610166072,0.5182533264160156,0.3333333333333333,0.6666666666666666,0.875
22,A,1.4240427539258216,0.61047010521094,0.9888888888888889,0.6666666666666666,0.5833333333333333
22,B,1.3399015922219522,0.6200948059558868,1.0,0.25,0.5
22,C,1.2601172163461645,0.5879085659980774,0.5,0.5,0.625
23,A,1.3518105278030421,0.6584844400485357,0.3444444444444444,0.01111111111111111,0.2958333333333332
23,B,1.301873349717685,0.6038898825645447,0.3333333333333333,0.0,0.4166666666666666
23,C,1.6681604478508234,0.6015981137752533,1.0,0.5,0.5
24,A,0.9772323015868142,0.5710306624571483,0.6666666666666666,0.6444444444444444,0.7041666666666665
24,B,1.26199071150687,0.6862029731273651,1.0,0.3333333333333333,0.875
24,C,1.728188537709091,0.6101349890232086,0.5,1.0,0.875
25,A,1.3744061429702021,0.5576076795657475,0.6555555555555554,0.6666666666666666,0.7041666666666665
25,B,1.190677168602879,0.6425194144248962,1.0,0.6666666666666666,0.8333333333333333
25,C,1.4186011220921169,0.6287523806095123,0.5,0.5,0.875
26,A,0.9817034257180762,0.5470933377742767,1.0,1.0,0.875
26,B,1.1004676103059734,0.5589057803153992,0.6666666666666666,1.0,0.875
26,C,1.2365423601865768,0.5890529453754425,1.0,1.0,0.875
27,A,1.0746012361807586,0.6441166192293167,0.9888888888888889,1.0,0.875
27,B,1.2071540504693985,0.633631706237793,0.75,1.0,0.75
27,C,1.4361324950500771,0.595030665397644,0.5,1.0,0.75
28,A,1.3684188787590807,0.6390793055295945,0.75,0.7416666666666667,0.75
28,B,1.4348897552490234,0.6530696749687195,0.75,0.75,0.75
28,C,1.5051741376519203,0.6922619044780731,0.75,0.5,0.75
29,A,1.3137605933006855,0.6002307405074437,0.9888888888888889,1.0,0.75
29,B,1.3895197540521622,0.6188121140003204,0.6666666666666666,1.0,0.75
29,C,1.1138993543572724,0.6049613356590271,0.5,1.0,0.75
30,A,1.3587862484242568,0.631861999630928,0.5166666666666667,1.0,0.8708333333333333
30,B,1.1977767299698747,0.6516926288604736,0.5,1.0,0.875
30,C,1.131532944738865,0.5918194651603699,0.5,1.0,0.875
