stage,node,rows,rag_rows,rbc_rows,rag_turns,rbc_turns
cf_a,A,150,0,0,,
cf_a,B,150,0,0,,
cf_a,C,150,0,0,,
cf_b,A,150,150,0,"1,2,3,4,5,6,7,8,9,10,11,12,13,14,15,16,17,18,19,20,21,22,23,24,25,26,27,28,29,30",
cf_b,B,150,150,0,"1,2,3,4,5,6,7,8,9,10,11,12,13,14,15,16,17,18,19,20,21,22,23,24,25,26,27,28,29,30",
cf_b,C,150,0,0,,
cf_c,A,150,0,150,,"1,2,3,4,5,6,7,8,9,10,11,12,13,14,15,16,17,18,19,20,21,22,23,24,25,26,27,28,29,30"
cf_c,B,150,0,0,,
cf_c,C,150,0,0,,
cf_d,A,150,15,0,"5,15,25",
cf_d,B,150,15,0,"5,15,25",
cf_d,C,150,0,0,,
cf_e,A,150,150,150,"1,2,3,4,5,6,7,8,9,10,11,12,13,14,15,16,17,18,19,20,21,22,23,24,25,26,27,28,29,30","1,2,3,4,5,6,7,8,9,10,11,12,13,14,15,16,17,18,19,20,21,22,23,24,25,26,27,28,29,30"
cf_e,B,150,150,0,"1,2,3,4,5,6,7,8,9,10,11,12,13,14,15,16,17,18,19,20,21,22,23,24,25,26,27,28,29,30",
cf_e,C,150,0,0,,
cf_f,A,300,100,100,"3,6,9,12,15,18,21,24,27,29","3,6,9,12,15,18,21,24,27,29"
cf_f,B,300,100,0,"3,6,9,12,15,18,21,24,27,29",
cf_f,C,300,0,0,,
cr,A,300,0,0,,
cr,B,300,0,0,,
cr,C,300,0,0,,
cr2,A,150,150,150,"1,2,3,4,5,6,7,8,9,10,11,12,13,14,15,16,17,18,19,20,21,22,23,24,25,26,27,28,29,30","1,2,3,4,5,6,7,8,9,10,11,12,13,14,15,16,17,18,19,20,21,22,23,24,25,26,27,28,29,30"
cr2,B,150,150,0,"1,2,3,4,5,6,7,8,9,10,11,12,13,14,15,16,17,18,19,20,21,22,23,24,25,26,27,28,29,30",
cr2,C,150,0,0,,
run_b,A,900,900,90,"1,2,3,4,5,6,7,8,9,10,11,12,13,14,15,16,17,18,19,20,21,22,23,24,25,26,27,28,29,30","8,20,25"
run_b,B,900,900,0,"1,2,3,4,5,6,7,8,9,10,11,12,13,14,15,16,17,18,19,20,21,22,23,24,25,26,27,28,29,30",
run_b,C,900,0,0,,
