run_id,turn,node,response_hash,modal_response_hash
run_b_neo_excute_#6_20260626T095614KST,6,A,86a233c6e0855d7eb8c77ca022901d4330ebebab62580438a412bb73ee34d301,42fe590e0119704ef2afbb26deab9d0e744f0015720f0ebce9232b83254cb7db
run_b_neo_excute_#6_20260626T095614KST,7,A,964f7f963e4b486f4ab21a9328d8e8cde9e67bb4c47b7f11ee133a5c7e45112a,ede62161e767eb8a128d8591d8f0822914246512f016b8485583df0c97dd9b5d
run_b_neo_excute_#6_20260626T095614KST,8,A,ae236ce4e83e3d9951e390f276dfdf47e6b49120ce5cbfbbe13f4f16358ec22b,8e273ddf30308e99e01a0bd0b1f4887b8c7efafe92e77689e9002a81004f6f71
run_b_neo_excute_#6_20260626T095614KST,9,A,3bcadd962075b3564881093d1b471c0d5f2e296c9460c350d3a6d982f9e2aafc,4ecd039db07c77a74d28e35ad555603fc8765596c1f10dd8d4582c78ed264fac
run_b_neo_excute_#6_20260626T095614KST,10,A,d37d4763b0a1001d6e3b3ea778b78f3f6a796f5c0d08f012b414850776185e66,d4728a4abf96c2669e8b655f0bb1987b667c41e7762b2793507642b357b31eae
run_b_neo_excute_#6_20260626T095614KST,11,A,f77e9c44200d81a995fd128b43fd9d206e1a92d94eaaebb08e525490cef3a80d,e74fa4fe15a54221f2132437d3c2c1ab1b6bd1b8bd13d5f6b1e2a5fb1c06cb4c
run_b_neo_excute_#6_20260626T095614KST,12,A,75147191db4a4764213821b0b57d1fdb710c6ba87595a0c99a1daef80c3deb14,caece7f54666c5c22cc0177763f9e170449a1712414589ff01374768315d8d4a
run_b_neo_excute_#6_20260626T095614KST,13,A,66dbf9806d14a1262faebb07ca139e60baf945ca380602a5160e3b0f967879de,03fdfc2eed45255e9348959b70699c3afa1d9d53b9ba96f171577b4a272c1679
run_b_neo_excute_#6_20260626T095614KST,14,A,6657b911d66d55b7a35b7b7c28ee36bf1a6e5e17086465b5aadc6228c1ea44eb,e329dd0d481bf33f9c5c835f22e68877dce702ecf8235aeb73736c1ee10b2dc3
run_b_neo_excute_#6_20260626T095614KST,15,A,e40c8e3d8fba749a2688174865e36614a74f444eedda82c9f638ad2f7a03d1e9,d3ce3cca4e406056b1e9a33b73589e674c8c473f0b23de73124049832a35b540
run_b_neo_excute_#6_20260626T095614KST,16,A,9560327d80f3311c7c8cef4dd54f1b39e01a6f75aa7097fd7faa00c059406c23,3b2190b792334c4cdccf6512e3c2b4af26192a20631af0d22f5653d764a00411
run_b_neo_excute_#6_20260626T095614KST,17,A,937f524cc04ec5cfdb02a702577234e0d4b78bfe780878e099a3a334137db65d,77c13a2d4d4b4dbf872dfecbd7c15dc35b3c145cc0e21db1bc0ee95dd02b786b
run_b_neo_excute_#6_20260626T095614KST,18,A,9fb300592f01784ff191eed5c85f02b736ca37b299040ccb0317089f7c6b778a,c332b4477012418567b64bfc26ab36b52ab70b11f511a6340cb9f0e66af55528
run_b_neo_excute_#6_20260626T095614KST,19,A,81e2ee1e13d0e38ca8271700810328f1b7932a55eb9146bff8e6d91a60f3225b,b2d46b28c2bd7e531afbf2f933c367a98bba929e8abe03655d3b9cbf42b33bf1
run_b_neo_excute_#6_20260626T095614KST,20,A,528078fc8ce109c1aabd3a90ff3d629256c34dc82c6103c028437be30e9ef98b,c1bc9f0998a905ee040e0030438cb0cf776654ad3659399c970cd955577989c5
run_b_neo_excute_#6_20260626T095614KST,21,A,3db5609c3c0be23a519c224f7053ba69328b244c97c7649faa1673fdb5b15d14,536e1a4b9a36a11173a104b768264330081db2a88f3523be4b117c27edb02ad5
run_b_neo_excute_#6_20260626T095614KST,22,A,9da0955e1528c53c06f6e48f2a3bec1c3468edfa6a3254951f8eb5f331c92c37,a95e383e9df673806cae5dee39eb098f43250d067abce74e69a64e3b95603a86
run_b_neo_excute_#6_20260626T095614KST,23,A,4db9fc57def67bbd623435f35d124db03f80ab07c962d1d9ed3466229a96ba7b,1f1323d46120a5191588295b51486c38d68f46c6499267fa1ec99178a29e22a2
run_b_neo_excute_#6_20260626T095614KST,24,A,c2f76c7e0969718b70301260a51b50c4a71491f3b3a47b1bc45895078b427764,f57ec5b5203e3822190a359157b5e620be46826f1b770832987c5ec6a6cac148
run_b_neo_excute_#6_20260626T095614KST,25,A,5ab6feb11776cd7c69c1b199e810fc85c42c4d183cfa17b45cde8bc1689ce3eb,24cc7d76b134a80a7ff829e5eaf44ac696a516cb01088a06110fd378a84fec8d
run_b_neo_excute_#6_20260626T095614KST,26,A,a67d736df43a5389d8f7ffabe1f4cf855150471ecd7e0bd118e67fe1daf18b91,3791993bf6def85b9f8f4d6aa39b3876fa511b999a1850dfbbaee98a72c974e0
run_b_neo_excute_#6_20260626T095614KST,27,A,f5aa408d0fa0451d1aae407997c7961b3f8155726fcf7c871747c8a75069329e,7f8db5a78ebb8d4a7dd65a1ace753d0aa670d5da0cba324aaaf4c8c1a5ddc33d
run_b_neo_excute_#6_20260626T095614KST,28,A,27dd54c15c1c6a0658874dbc7ab2f1a811f64867861bc0faf868d8879c66cff4,86508efa118b42983bc3b15bc3ebc519d13ac5acf88047867c63044a9e850cac
run_b_neo_excute_#6_20260626T095614KST,29,A,ef9a9e6d14878f074c2ce1db0ae4c71388173b706b8190c3a898a205d2352689,4859dd989a9f13506765e28945a4c2b19b0130b8b5596d980b11b508e68fdaac
run_b_neo_excute_#6_20260626T095614KST,30,A,6cc9348994a377ca623184560efc985fe7d12a7c8aed2c0eaf447610b5eddc18,9e8416247790bcb1f827f58bf54779ed7e016c6c2936755034bbd7c8688c6739
