turn,node,baseline_run_id,variant_run_id,prompt_hash_same,baseline_prompt_hash,variant_prompt_hash,payload_hash_same,response_hash_same,baseline_response_hash,variant_response_hash,retrieved_chunk_ids_same,rag_context_chars_same,sc_block_hash_same,baseline_sc_block_hash,variant_sc_block_hash,baseline_sc_chars,variant_sc_chars,baseline_trigger_reason,variant_trigger_reason,same_policy_except_trigger_reason
1,A,run_b_neo_excute_#1_20260625T174811KST,run_b_neo_excute_#6_20260626T095614KST,True,a36e4ab6e7885ddd532ba873545765ac974c3a2abbfaf9b0632fd821e1063113,a36e4ab6e7885ddd532ba873545765ac974c3a2abbfaf9b0632fd821e1063113,True,True,4797610c3691a82c86f5ea02d89117fc484f74008dfc63723c529494f16c5213,4797610c3691a82c86f5ea02d89117fc484f74008dfc63723c529494f16c5213,True,True,True,,,0,0,,,True
1,B,run_b_neo_excute_#1_20260625T174811KST,run_b_neo_excute_#6_20260626T095614KST,True,a36e4ab6e7885ddd532ba873545765ac974c3a2abbfaf9b0632fd821e1063113,a36e4ab6e7885ddd532ba873545765ac974c3a2abbfaf9b0632fd821e1063113,True,True,4797610c3691a82c86f5ea02d89117fc484f74008dfc63723c529494f16c5213,4797610c3691a82c86f5ea02d89117fc484f74008dfc63723c529494f16c5213,True,True,True,,,0,0,,,True
1,C,run_b_neo_excute_#1_20260625T174811KST,run_b_neo_excute_#6_20260626T095614KST,True,613253e3ee36bcbc9f82a62ddc37716ed2c164a48bdf3a450a50a2423fb0701a,613253e3ee36bcbc9f82a62ddc37716ed2c164a48bdf3a450a50a2423fb0701a,True,True,c7b4a0fbbcfc043fc2f53908831481916ea6b4770ff3d36c531ccd8ca6016728,c7b4a0fbbcfc043fc2f53908831481916ea6b4770ff3d36c531ccd8ca6016728,True,True,True,,,0,0,,,True
2,A,run_b_neo_excute_#1_20260625T174811KST,run_b_neo_excute_#6_20260626T095614KST,True,65185d56b8e7f2e67483ef71f645c7753271f4db07113fe37bb576703fb42d37,65185d56b8e7f2e67483ef71f645c7753271f4db07113fe37bb576703fb42d37,True,True,a7c63b697cde29f6713340568da69f8d78ee31809a417bf78298619572172fbb,a7c63b697cde29f6713340568da69f8d78ee31809a417bf78298619572172fbb,True,True,True,,,0,0,,,True
2,B,run_b_neo_excute_#1_20260625T174811KST,run_b_neo_excute_#6_20260626T095614KST,True,65185d56b8e7f2e67483ef71f645c7753271f4db07113fe37bb576703fb42d37,65185d56b8e7f2e67483ef71f645c7753271f4db07113fe37bb576703fb42d37,True,True,a7c63b697cde29f6713340568da69f8d78ee31809a417bf78298619572172fbb,a7c63b697cde29f6713340568da69f8d78ee31809a417bf78298619572172fbb,True,True,True,,,0,0,,,True
2,C,run_b_neo_excute_#1_20260625T174811KST,run_b_neo_excute_#6_20260626T095614KST,True,6a46593ddc37e25bc97d34ae19c4963b04585817bd22a6d8a49ee2cc3a481e5f,6a46593ddc37e25bc97d34ae19c4963b04585817bd22a6d8a49ee2cc3a481e5f,True,True,fb2070823160aa97beca211077c23e397cf596b711916c1b8e424035be32d643,fb2070823160aa97beca211077c23e397cf596b711916c1b8e424035be32d643,True,True,True,,,0,0,,,True
3,A,run_b_neo_excute_#1_20260625T174811KST,run_b_neo_excute_#6_20260626T095614KST,True,c93287ba6be1b150c1c3ddd0667430380aa3f29ec2683cb6a86c4bd10dc4d149,c93287ba6be1b150c1c3ddd0667430380aa3f29ec2683cb6a86c4bd10dc4d149,True,True,cc8d61f7e0251e43e5d8ca79af2cdda41cad6d99848fa626340daa80afa81c50,cc8d61f7e0251e43e5d8ca79af2cdda41cad6d99848fa626340daa80afa81c50,True,True,True,,,0,0,,,True
3,B,run_b_neo_excute_#1_20260625T174811KST,run_b_neo_excute_#6_20260626T095614KST,True,c93287ba6be1b150c1c3ddd0667430380aa3f29ec2683cb6a86c4bd10dc4d149,c93287ba6be1b150c1c3ddd0667430380aa3f29ec2683cb6a86c4bd10dc4d149,True,True,cc8d61f7e0251e43e5d8ca79af2cdda41cad6d99848fa626340daa80afa81c50,cc8d61f7e0251e43e5d8ca79af2cdda41cad6d99848fa626340daa80afa81c50,True,True,True,,,0,0,,,True
3,C,run_b_neo_excute_#1_20260625T174811KST,run_b_neo_excute_#6_20260626T095614KST,True,1ce3c1a9312eabb664a4265a54f8a95323bc888ad0414e8b39fd739c3ca3cbec,1ce3c1a9312eabb664a4265a54f8a95323bc888ad0414e8b39fd739c3ca3cbec,True,True,30b19549e4137be458318a670ff67dc92fe2ee414162c538fa4c69a631bc737a,30b19549e4137be458318a670ff67dc92fe2ee414162c538fa4c69a631bc737a,True,True,True,,,0,0,,,True
4,A,run_b_neo_excute_#1_20260625T174811KST,run_b_neo_excute_#6_20260626T095614KST,True,a4f9ab16506ab281258731b9812760008a77452b6e38e60e2992b16379d8eb2e,a4f9ab16506ab281258731b9812760008a77452b6e38e60e2992b16379d8eb2e,True,True,0cb8e96a4939b28f64bc0525c7f31c7594d773687938e97d2136e7d18b0adddc,0cb8e96a4939b28f64bc0525c7f31c7594d773687938e97d2136e7d18b0adddc,True,True,True,,,0,0,,,True
4,B,run_b_neo_excute_#1_20260625T174811KST,run_b_neo_excute_#6_20260626T095614KST,True,a4f9ab16506ab281258731b9812760008a77452b6e38e60e2992b16379d8eb2e,a4f9ab16506ab281258731b9812760008a77452b6e38e60e2992b16379d8eb2e,True,True,0cb8e96a4939b28f64bc0525c7f31c7594d773687938e97d2136e7d18b0adddc,0cb8e96a4939b28f64bc0525c7f31c7594d773687938e97d2136e7d18b0adddc,True,True,True,,,0,0,,,True
4,C,run_b_neo_excute_#1_20260625T174811KST,run_b_neo_excute_#6_20260626T095614KST,True,dc34181e9382ce5e76e8899c0db361a007b98c7681b4d11b1f5f5908958c38f3,dc34181e9382ce5e76e8899c0db361a007b98c7681b4d11b1f5f5908958c38f3,True,True,b63cb2795b68c2350fd2d99d46e89e302f3f2f3399c848c87b4e8dd1ffb9f916,b63cb2795b68c2350fd2d99d46e89e302f3f2f3399c848c87b4e8dd1ffb9f916,True,True,True,,,0,0,,,True
5,A,run_b_neo_excute_#1_20260625T174811KST,run_b_neo_excute_#6_20260626T095614KST,True,3fd5fdf376248a11f24672e486fbedbea38e41c503dfd974632e097e279f4356,3fd5fdf376248a11f24672e486fbedbea38e41c503dfd974632e097e279f4356,True,True,03828d4dbbfc37824e2949a90b43ce81d8fe9e925ad950ac22d2ed73444cde19,03828d4dbbfc37824e2949a90b43ce81d8fe9e925ad950ac22d2ed73444cde19,True,True,True,,,0,0,,,True
5,B,run_b_neo_excute_#1_20260625T174811KST,run_b_neo_excute_#6_20260626T095614KST,True,3fd5fdf376248a11f24672e486fbedbea38e41c503dfd974632e097e279f4356,3fd5fdf376248a11f24672e486fbedbea38e41c503dfd974632e097e279f4356,True,True,03828d4dbbfc37824e2949a90b43ce81d8fe9e925ad950ac22d2ed73444cde19,03828d4dbbfc37824e2949a90b43ce81d8fe9e925ad950ac22d2ed73444cde19,True,True,True,,,0,0,,,True
5,C,run_b_neo_excute_#1_20260625T174811KST,run_b_neo_excute_#6_20260626T095614KST,True,ff0e779bf09e946696eff1193f9a204a2e677a93e9cfa46bea74ab69ff59e1d4,ff0e779bf09e946696eff1193f9a204a2e677a93e9cfa46bea74ab69ff59e1d4,True,True,28fc0397973f7aa9ca3d30e435964d297308cd928a24503bc8de5de551f767b6,28fc0397973f7aa9ca3d30e435964d297308cd928a24503bc8de5de551f767b6,True,True,True,,,0,0,,,True
6,A,run_b_neo_excute_#1_20260625T174811KST,run_b_neo_excute_#6_20260626T095614KST,True,2990f7655d464aa9bda85fd4e04e5b1b49a777aa3a460467872569548f9658ea,2990f7655d464aa9bda85fd4e04e5b1b49a777aa3a460467872569548f9658ea,True,False,42fe590e0119704ef2afbb26deab9d0e744f0015720f0ebce9232b83254cb7db,86a233c6e0855d7eb8c77ca022901d4330ebebab62580438a412bb73ee34d301,True,True,True,,,0,0,,,True
6,B,run_b_neo_excute_#1_20260625T174811KST,run_b_neo_excute_#6_20260626T095614KST,True,2990f7655d464aa9bda85fd4e04e5b1b49a777aa3a460467872569548f9658ea,2990f7655d464aa9bda85fd4e04e5b1b49a777aa3a460467872569548f9658ea,True,True,42fe590e0119704ef2afbb26deab9d0e744f0015720f0ebce9232b83254cb7db,42fe590e0119704ef2afbb26deab9d0e744f0015720f0ebce9232b83254cb7db,True,True,True,,,0,0,,,True
6,C,run_b_neo_excute_#1_20260625T174811KST,run_b_neo_excute_#6_20260626T095614KST,True,b0775f49aa268554c4e9d098d5d3debfbe54b28dee154de9024f56db65b8f553,b0775f49aa268554c4e9d098d5d3debfbe54b28dee154de9024f56db65b8f553,True,True,e0deb9d1a20321478523aadd412355e0803fcd46e354eace7a1d66a90e0639ca,e0deb9d1a20321478523aadd412355e0803fcd46e354eace7a1d66a90e0639ca,True,True,True,,,0,0,,,True
7,A,run_b_neo_excute_#1_20260625T174811KST,run_b_neo_excute_#6_20260626T095614KST,False,3ff961ea106eb9b586221b14c8179daef27d99890b01af5e5f88b0606e1cde38,75aa5337bfd2a9cce73098ed8aa69f74808b985e5462ba05d536424258c87fe2,False,False,ede62161e767eb8a128d8591d8f0822914246512f016b8485583df0c97dd9b5d,964f7f963e4b486f4ab21a9328d8e8cde9e67bb4c47b7f11ee133a5c7e45112a,True,True,True,,,0,0,,,True
7,B,run_b_neo_excute_#1_20260625T174811KST,run_b_neo_excute_#6_20260626T095614KST,True,3ff961ea106eb9b586221b14c8179daef27d99890b01af5e5f88b0606e1cde38,3ff961ea106eb9b586221b14c8179daef27d99890b01af5e5f88b0606e1cde38,True,True,ede62161e767eb8a128d8591d8f0822914246512f016b8485583df0c97dd9b5d,ede62161e767eb8a128d8591d8f0822914246512f016b8485583df0c97dd9b5d,True,True,True,,,0,0,,,True
7,C,run_b_neo_excute_#1_20260625T174811KST,run_b_neo_excute_#6_20260626T095614KST,True,ad06a0c1e01ede2bb33fe29cdb101aa40a63bbccfc9496e729996c2037599b77,ad06a0c1e01ede2bb33fe29cdb101aa40a63bbccfc9496e729996c2037599b77,True,True,2e42b88ce49d69819a27a089591344f998159dc89352f299fd5f0288c9e4181c,2e42b88ce49d69819a27a089591344f998159dc89352f299fd5f0288c9e4181c,True,True,True,,,0,0,,,True
8,A,run_b_neo_excute_#1_20260625T174811KST,run_b_neo_excute_#6_20260626T095614KST,False,0df28eb6b800b7c7d58be7579a8fd6506348f374d8c041429aa182ddff029e2e,56b8e6d95ab792862355f5c0bdec8836b8efcda66f0b740a82583ed050ae55d9,False,False,8e273ddf30308e99e01a0bd0b1f4887b8c7efafe92e77689e9002a81004f6f71,ae236ce4e83e3d9951e390f276dfdf47e6b49120ce5cbfbbe13f4f16358ec22b,True,True,False,005173687c3cb373c7997bc186d95fcb3c598011c312ec78fe0cd036a8c5e2d2,6a492ecb464bfedd4075941a4b881c9247d562df77ea18d73bdbdf314f0fb260,652,614,"A.low_confidence:abs(d_lms)>theta_lms,B.low_confidence:abs(d_lms)>theta_lms",B.low_confidence:abs(d_lms)>theta_lms,True
8,B,run_b_neo_excute_#1_20260625T174811KST,run_b_neo_excute_#6_20260626T095614KST,True,c06ada1a9818ad58809d582ce993526730375bb01ba3805bd83bbae7f1d7047a,c06ada1a9818ad58809d582ce993526730375bb01ba3805bd83bbae7f1d7047a,True,True,500118535eb5d717f5a28f7b6f80adb070184d1a65b3df746470d341e91b804f,500118535eb5d717f5a28f7b6f80adb070184d1a65b3df746470d341e91b804f,True,True,True,,,0,0,,,True
8,C,run_b_neo_excute_#1_20260625T174811KST,run_b_neo_excute_#6_20260626T095614KST,True,0d521d1499d63d29ef3fb512eeaa221b671aaa38e1ee7ce23f6221d5f41fd8b5,0d521d1499d63d29ef3fb512eeaa221b671aaa38e1ee7ce23f6221d5f41fd8b5,True,True,ef6c02f13ff6e39c0a1243d4113efe6be8c634cc517433a2e99e0781390ed3b5,ef6c02f13ff6e39c0a1243d4113efe6be8c634cc517433a2e99e0781390ed3b5,True,True,True,,,0,0,,,True
9,A,run_b_neo_excute_#1_20260625T174811KST,run_b_neo_excute_#6_20260626T095614KST,False,6caa1b06aef485984187c7a99b3120d8e4ed0fd65e6e79a289633ba9b29a58fb,fe69a1c646cdf1de4aaf1d5b5dc2f032e13b704c1c76eb5a80cf4a33764a21b0,False,False,4ecd039db07c77a74d28e35ad555603fc8765596c1f10dd8d4582c78ed264fac,3bcadd962075b3564881093d1b471c0d5f2e296c9460c350d3a6d982f9e2aafc,True,True,True,,,0,0,,,True
9,B,run_b_neo_excute_#1_20260625T174811KST,run_b_neo_excute_#6_20260626T095614KST,True,15f3162bc24dbab3e67774e745af9cefaecbee276366c684b4fd7e2a1607fdcd,15f3162bc24dbab3e67774e745af9cefaecbee276366c684b4fd7e2a1607fdcd,True,True,d72ee3ea11359539bf314dc4df07175eaf2e91e454562574378d65547bf83924,d72ee3ea11359539bf314dc4df07175eaf2e91e454562574378d65547bf83924,True,True,True,,,0,0,,,True
9,C,run_b_neo_excute_#1_20260625T174811KST,run_b_neo_excute_#6_20260626T095614KST,True,224a5bbe7b68728d80f0fa0c496886035fe05fa0d501ee23e0db6608a4cdc117,224a5bbe7b68728d80f0fa0c496886035fe05fa0d501ee23e0db6608a4cdc117,True,True,0b9d7dccf694f0e20b19cf68dd7edf1cae84a5abea7ac556d5963afa4635fa37,0b9d7dccf694f0e20b19cf68dd7edf1cae84a5abea7ac556d5963afa4635fa37,True,True,True,,,0,0,,,True
10,A,run_b_neo_excute_#1_20260625T174811KST,run_b_neo_excute_#6_20260626T095614KST,False,40678371a22190b23a823b857a8638d8c62af7190f3ff8e8866ad66ed73dd7f9,b1f57a8aa811fd8df2b9095185bbea122e5134019d4479bc9a3c5baa6e7a2c4d,False,False,d4728a4abf96c2669e8b655f0bb1987b667c41e7762b2793507642b357b31eae,d37d4763b0a1001d6e3b3ea778b78f3f6a796f5c0d08f012b414850776185e66,True,True,True,,,0,0,,,True
10,B,run_b_neo_excute_#1_20260625T174811KST,run_b_neo_excute_#6_20260626T095614KST,True,5b7455f571fa00f0de9facdfa34657082d4edeeba659ed1cc9bf3507b12c954e,5b7455f571fa00f0de9facdfa34657082d4edeeba659ed1cc9bf3507b12c954e,True,True,65500c547e7af21eba89a9e18503248effe9dd47e1c0eba8ecc39af2b6d358b5,65500c547e7af21eba89a9e18503248effe9dd47e1c0eba8ecc39af2b6d358b5,True,True,True,,,0,0,,,True
10,C,run_b_neo_excute_#1_20260625T174811KST,run_b_neo_excute_#6_20260626T095614KST,True,1f74c0171f2de86b99fd807fbe835986458fe75fcda120503c8ed9cd7ff0a9de,1f74c0171f2de86b99fd807fbe835986458fe75fcda120503c8ed9cd7ff0a9de,True,True,579ae514a4944e898808737ddda56f62c28bea5f2022332e40229b494d1fe145,579ae514a4944e898808737ddda56f62c28bea5f2022332e40229b494d1fe145,True,True,True,,,0,0,,,True
11,A,run_b_neo_excute_#1_20260625T174811KST,run_b_neo_excute_#6_20260626T095614KST,False,d73783c8fc56d2cd6aac72679c6a078c80cb5cb8a38360de572beb3b1afa3f57,a4a6af599fa65155245de2643162849644824c6858f555809fcc28872d3ebc75,False,False,e74fa4fe15a54221f2132437d3c2c1ab1b6bd1b8bd13d5f6b1e2a5fb1c06cb4c,f77e9c44200d81a995fd128b43fd9d206e1a92d94eaaebb08e525490cef3a80d,True,True,True,,,0,0,,,True
11,B,run_b_neo_excute_#1_20260625T174811KST,run_b_neo_excute_#6_20260626T095614KST,True,93a66be7f2f6de24bd8ec5fbb93ff58e3ebbae1f0f3a13c9b21161c6880cdb11,93a66be7f2f6de24bd8ec5fbb93ff58e3ebbae1f0f3a13c9b21161c6880cdb11,True,True,99325c9a1a0668e8a18d20455f3f6cdcb041be821b2b45440dddfbbade92c3d8,99325c9a1a0668e8a18d20455f3f6cdcb041be821b2b45440dddfbbade92c3d8,True,True,True,,,0,0,,,True
11,C,run_b_neo_excute_#1_20260625T174811KST,run_b_neo_excute_#6_20260626T095614KST,True,8b7fd2b6103683e32e1f80bc50d4124965e41d1a447cc671231a2afbc8d85da1,8b7fd2b6103683e32e1f80bc50d4124965e41d1a447cc671231a2afbc8d85da1,True,True,1509c7a199bb4cb6712196cb2cbb2a127f29882be7c8068eed759a4d1936a8c0,1509c7a199bb4cb6712196cb2cbb2a127f29882be7c8068eed759a4d1936a8c0,True,True,True,,,0,0,,,True
12,A,run_b_neo_excute_#1_20260625T174811KST,run_b_neo_excute_#6_20260626T095614KST,False,99e47d20ccb925f1cb08f45a64d7147e1a3173e37a444d2edddd7b01f682f981,aecb2735ca0ebe65d77c919ab1de3376e863f19bdfe7df1026d9365ca56ae37e,False,False,caece7f54666c5c22cc0177763f9e170449a1712414589ff01374768315d8d4a,75147191db4a4764213821b0b57d1fdb710c6ba87595a0c99a1daef80c3deb14,True,True,True,,,0,0,,,True
12,B,run_b_neo_excute_#1_20260625T174811KST,run_b_neo_excute_#6_20260626T095614KST,True,53f19d0104142318a084d89cf295520113e91e0f72a3b6e6e5d15ada0dc344ee,53f19d0104142318a084d89cf295520113e91e0f72a3b6e6e5d15ada0dc344ee,True,True,95ef990b36ce3e691f7f6cdd8cf50db2224840da3216b9934805836b6c501ffd,95ef990b36ce3e691f7f6cdd8cf50db2224840da3216b9934805836b6c501ffd,True,True,True,,,0,0,,,True
12,C,run_b_neo_excute_#1_20260625T174811KST,run_b_neo_excute_#6_20260626T095614KST,True,56004152a2453661f94f8af6e59e8eb6aee701be09555b52162d0cef8094b3a7,56004152a2453661f94f8af6e59e8eb6aee701be09555b52162d0cef8094b3a7,True,True,4bf947926f6acb7b3b42fdf9fed6d42dec910674a41f860886ec6bf7c0a1705c,4bf947926f6acb7b3b42fdf9fed6d42dec910674a41f860886ec6bf7c0a1705c,True,True,True,,,0,0,,,True
13,A,run_b_neo_excute_#1_20260625T174811KST,run_b_neo_excute_#6_20260626T095614KST,False,5df4128157f685bc60bc2ecd5dbec54144c3f184daaaff4059d90209ca9c2e8f,b7aa04299f6dd522ccfbbfdf603a6c6149a9b93a7808715bbbc753b133b6c237,False,False,03fdfc2eed45255e9348959b70699c3afa1d9d53b9ba96f171577b4a272c1679,66dbf9806d14a1262faebb07ca139e60baf945ca380602a5160e3b0f967879de,True,True,True,,,0,0,,,True
13,B,run_b_neo_excute_#1_20260625T174811KST,run_b_neo_excute_#6_20260626T095614KST,True,681f4330831e3b74c9a3160b1150b13ff783ade66f94bd0f78297b0c25eaeb5e,681f4330831e3b74c9a3160b1150b13ff783ade66f94bd0f78297b0c25eaeb5e,True,True,a40e59bbde8fe952708649bf93ad919c0105c97c28bf9088dcf3435b92e2cf45,a40e59bbde8fe952708649bf93ad919c0105c97c28bf9088dcf3435b92e2cf45,True,True,True,,,0,0,,,True
13,C,run_b_neo_excute_#1_20260625T174811KST,run_b_neo_excute_#6_20260626T095614KST,True,362af10dddd373fb97ab8a35ffcc782af6679d682ca4884c4281b3b9e1e015d9,362af10dddd373fb97ab8a35ffcc782af6679d682ca4884c4281b3b9e1e015d9,True,True,df285a58cc5ec05d2ad9f98f9a45f0ac7ae1129fc4d82d9247ab7f80320ef970,df285a58cc5ec05d2ad9f98f9a45f0ac7ae1129fc4d82d9247ab7f80320ef970,True,True,True,,,0,0,,,True
14,A,run_b_neo_excute_#1_20260625T174811KST,run_b_neo_excute_#6_20260626T095614KST,False,363b332c19504fcf331a8a4bfcda547b048ba740b63b12ef1d786330a2b3f790,3bdc6d659fef58c77f4fc778765c27d885835e35d5316f8cc05a6011facac659,False,False,e329dd0d481bf33f9c5c835f22e68877dce702ecf8235aeb73736c1ee10b2dc3,6657b911d66d55b7a35b7b7c28ee36bf1a6e5e17086465b5aadc6228c1ea44eb,True,True,True,,,0,0,,,True
14,B,run_b_neo_excute_#1_20260625T174811KST,run_b_neo_excute_#6_20260626T095614KST,True,a3b31f96f48a4ce316b3093be4cfa7ece15e8265a4cc2170e66589b4aab303fc,a3b31f96f48a4ce316b3093be4cfa7ece15e8265a4cc2170e66589b4aab303fc,True,True,515311b3825d6735931cd9a4fd90610af39b693841b19a175048c838dbb72cf6,515311b3825d6735931cd9a4fd90610af39b693841b19a175048c838dbb72cf6,True,True,True,,,0,0,,,True
14,C,run_b_neo_excute_#1_20260625T174811KST,run_b_neo_excute_#6_20260626T095614KST,True,b560fc405ce3f583f85996a81ac408b9dc25c12fadd58476b93bc6b4f6b99661,b560fc405ce3f583f85996a81ac408b9dc25c12fadd58476b93bc6b4f6b99661,True,True,071790c0eab4308d8ff3536cf47bb554085c3fdfba3234205ea2687072bc7e58,071790c0eab4308d8ff3536cf47bb554085c3fdfba3234205ea2687072bc7e58,True,True,True,,,0,0,,,True
15,A,run_b_neo_excute_#1_20260625T174811KST,run_b_neo_excute_#6_20260626T095614KST,False,de831f5df788fc4388a65c28c9805c7d2955e52bee3fc366cfded9843e927a3f,01e9922388a413bac037a70a1796d523f73cae14a013c65af3531ea5cf3d40ad,False,False,d3ce3cca4e406056b1e9a33b73589e674c8c473f0b23de73124049832a35b540,e40c8e3d8fba749a2688174865e36614a74f444eedda82c9f638ad2f7a03d1e9,True,True,True,,,0,0,,,True
15,B,run_b_neo_excute_#1_20260625T174811KST,run_b_neo_excute_#6_20260626T095614KST,True,24ac9666eb3b6cb5770d5b02e644fcae84f78ca60301df351919b8abbb366840,24ac9666eb3b6cb5770d5b02e644fcae84f78ca60301df351919b8abbb366840,True,True,b1e319d05abf4ca6706d34654ebd223fa13d20e7f46b3d1e126016f8ebe93d7f,b1e319d05abf4ca6706d34654ebd223fa13d20e7f46b3d1e126016f8ebe93d7f,True,True,True,,,0,0,,,True
15,C,run_b_neo_excute_#1_20260625T174811KST,run_b_neo_excute_#6_20260626T095614KST,True,5e2ad38dc781438ce27901fbf7ad1fd66d92cf747e72ffb35e8fd34867db41bd,5e2ad38dc781438ce27901fbf7ad1fd66d92cf747e72ffb35e8fd34867db41bd,True,True,704ec3bca4991ae590f660e083725dda79ac71ff1cb46a5aa3306f205e57a2d5,704ec3bca4991ae590f660e083725dda79ac71ff1cb46a5aa3306f205e57a2d5,True,True,True,,,0,0,,,True
16,A,run_b_neo_excute_#1_20260625T174811KST,run_b_neo_excute_#6_20260626T095614KST,False,00f7c7a3445d0e7adfd37dc40d4217bebef2f9fe54889ca0ddbae205554544d0,4735047b1e6854230f1e4bf39322a259b37a976c1e4f7ade999f44573c971f5c,False,False,3b2190b792334c4cdccf6512e3c2b4af26192a20631af0d22f5653d764a00411,9560327d80f3311c7c8cef4dd54f1b39e01a6f75aa7097fd7faa00c059406c23,True,True,True,,,0,0,,,True
16,B,run_b_neo_excute_#1_20260625T174811KST,run_b_neo_excute_#6_20260626T095614KST,True,2d6f2c0708b9f5206a0c0a1ca63def5e3943c6c732ed631f93bbb3f43a42d5d6,2d6f2c0708b9f5206a0c0a1ca63def5e3943c6c732ed631f93bbb3f43a42d5d6,True,True,2da0034cbbc150529eb06e9deb0a67cb8e9c70d44f10cfd41367c395a978ef2c,2da0034cbbc150529eb06e9deb0a67cb8e9c70d44f10cfd41367c395a978ef2c,True,True,True,,,0,0,,,True
16,C,run_b_neo_excute_#1_20260625T174811KST,run_b_neo_excute_#6_20260626T095614KST,True,084a7a8f2bfcaaea2af26e7d636238878ec7d91db0a2dfc0698c314aacecef5d,084a7a8f2bfcaaea2af26e7d636238878ec7d91db0a2dfc0698c314aacecef5d,True,True,7fabbd733e99be2d6a0d8954b800eff0af6bacbd1a4f6814b3f90fc6ba9c501e,7fabbd733e99be2d6a0d8954b800eff0af6bacbd1a4f6814b3f90fc6ba9c501e,True,True,True,,,0,0,,,True
17,A,run_b_neo_excute_#1_20260625T174811KST,run_b_neo_excute_#6_20260626T095614KST,False,c082823093b849dd6f6b6f2d63231baa695b8a25739682e7d7ab1b6861bf9a10,fbc644f7b51380025258dbeb0cfb4eb421db72c1a111020fd2d802eed9b49658,False,False,77c13a2d4d4b4dbf872dfecbd7c15dc35b3c145cc0e21db1bc0ee95dd02b786b,937f524cc04ec5cfdb02a702577234e0d4b78bfe780878e099a3a334137db65d,True,True,True,,,0,0,,,True
17,B,run_b_neo_excute_#1_20260625T174811KST,run_b_neo_excute_#6_20260626T095614KST,True,f2f73ee5e3e075e38e5644c6f2fcaa538198c4fa137002726db3394c1c6a9ab3,f2f73ee5e3e075e38e5644c6f2fcaa538198c4fa137002726db3394c1c6a9ab3,True,True,512578dadc6da4cca4bea1f5c2c68c4f939ab778536ffcdd5d0000cfb0db6d92,512578dadc6da4cca4bea1f5c2c68c4f939ab778536ffcdd5d0000cfb0db6d92,True,True,True,,,0,0,,,True
17,C,run_b_neo_excute_#1_20260625T174811KST,run_b_neo_excute_#6_20260626T095614KST,True,072fcf526f9590b40a2cfaea312e91475a6cad82fcd71ced4c39e74ac9c4b20e,072fcf526f9590b40a2cfaea312e91475a6cad82fcd71ced4c39e74ac9c4b20e,True,True,09c7196aa4de03f5991851e5d686b6cbf39b99b3b4ce65dd6a6a46e95f0a2234,09c7196aa4de03f5991851e5d686b6cbf39b99b3b4ce65dd6a6a46e95f0a2234,True,True,True,,,0,0,,,True
18,A,run_b_neo_excute_#1_20260625T174811KST,run_b_neo_excute_#6_20260626T095614KST,False,e93927331fdffa52493d5ab828e1265593dc6404c4b59845e3a4bf208824ce7b,3283a0c681f6c5ad59d705b176f8d9389c6406ecf8772d16c64f62eff34eaae7,False,False,c332b4477012418567b64bfc26ab36b52ab70b11f511a6340cb9f0e66af55528,9fb300592f01784ff191eed5c85f02b736ca37b299040ccb0317089f7c6b778a,True,True,True,,,0,0,,,True
18,B,run_b_neo_excute_#1_20260625T174811KST,run_b_neo_excute_#6_20260626T095614KST,True,b10e1c54d6e83fd11e80d3198468cb25144e71bcfd242d929485b6f0f685719a,b10e1c54d6e83fd11e80d3198468cb25144e71bcfd242d929485b6f0f685719a,True,True,4bd9131559b88e6de77b3edea50ba50314df3dd039868c5d7742a0597488dc0b,4bd9131559b88e6de77b3edea50ba50314df3dd039868c5d7742a0597488dc0b,True,True,True,,,0,0,,,True
18,C,run_b_neo_excute_#1_20260625T174811KST,run_b_neo_excute_#6_20260626T095614KST,True,11f46bb30da8a2a8cbe120c488a0435d727008ba63520b8ce856e665b8c29f3c,11f46bb30da8a2a8cbe120c488a0435d727008ba63520b8ce856e665b8c29f3c,True,True,b3da2779c64a6552232a5a3d14a4e5545ccee2592e317b00e24b1cf288a3435c,b3da2779c64a6552232a5a3d14a4e5545ccee2592e317b00e24b1cf288a3435c,True,True,True,,,0,0,,,True
19,A,run_b_neo_excute_#1_20260625T174811KST,run_b_neo_excute_#6_20260626T095614KST,False,86f912b6cfed55d79f3f33f41a01221d7f637ba1127849e0ead60bfe6bdeee51,8f77fdbfa783fcde5ddf0a1fe755ba5cbdeffbafbba677f64b04470bbceac78c,False,False,b2d46b28c2bd7e531afbf2f933c367a98bba929e8abe03655d3b9cbf42b33bf1,81e2ee1e13d0e38ca8271700810328f1b7932a55eb9146bff8e6d91a60f3225b,True,True,True,,,0,0,,,True
19,B,run_b_neo_excute_#1_20260625T174811KST,run_b_neo_excute_#6_20260626T095614KST,True,c54e3bc1c40e1b9852b33628eeed8126fb012e207f6c9d35df51853b42e353c6,c54e3bc1c40e1b9852b33628eeed8126fb012e207f6c9d35df51853b42e353c6,True,True,ea868d9f79a991f552371e70d1699d692579cf84c0a02fde65201c2744f67939,ea868d9f79a991f552371e70d1699d692579cf84c0a02fde65201c2744f67939,True,True,True,,,0,0,,,True
19,C,run_b_neo_excute_#1_20260625T174811KST,run_b_neo_excute_#6_20260626T095614KST,True,587c8246f2864970fce79c651787ed495d82d69c75e751916ca101a972030ccc,587c8246f2864970fce79c651787ed495d82d69c75e751916ca101a972030ccc,True,True,4b128410da2b5a5995946fa808ec6af19721d5e6adc3cdecec1a288c5b3dc29d,4b128410da2b5a5995946fa808ec6af19721d5e6adc3cdecec1a288c5b3dc29d,True,True,True,,,0,0,,,True
20,A,run_b_neo_excute_#1_20260625T174811KST,run_b_neo_excute_#6_20260626T095614KST,False,1efd9d11dd9300560a101d4f2a7de70ddf9ed9716d74c73146201b5385401c51,980f146ec24db9712742f07efb513989c8b9128afb9fe38e4a0c8932bc898885,False,False,c1bc9f0998a905ee040e0030438cb0cf776654ad3659399c970cd955577989c5,528078fc8ce109c1aabd3a90ff3d629256c34dc82c6103c028437be30e9ef98b,True,True,False,dfcaaf8357ad2e9ae62170663928e876e1fc2041c2e0d3dfdc89238a2b30ffab,a3e83b4de193de64c321abef0db78a385bea3f742268d9bc898dbf3d46060a95,650,613,"A.context_drift:abs(d_cds)>theta_cds,B.context_drift:abs(d_cds)>theta_cds",B.context_drift:abs(d_cds)>theta_cds,True
20,B,run_b_neo_excute_#1_20260625T174811KST,run_b_neo_excute_#6_20260626T095614KST,True,a07b2fe39593c4e7b376bfccccec484e4814917b9cdbc1e0114026ecdd36ab4e,a07b2fe39593c4e7b376bfccccec484e4814917b9cdbc1e0114026ecdd36ab4e,True,True,b9337534642e6de7926c0e655b75d5ee3b11ca8b073d51c803363ba4dab7b480,b9337534642e6de7926c0e655b75d5ee3b11ca8b073d51c803363ba4dab7b480,True,True,True,,,0,0,,,True
20,C,run_b_neo_excute_#1_20260625T174811KST,run_b_neo_excute_#6_20260626T095614KST,True,375178d393b1bf8302f3249b49571091b99c48af6dc78ce4abfb30c2de354842,375178d393b1bf8302f3249b49571091b99c48af6dc78ce4abfb30c2de354842,True,True,ed1992cbcb576aba3235985ab6a997f61c0881682d4720b683c8beb1a8e2750f,ed1992cbcb576aba3235985ab6a997f61c0881682d4720b683c8beb1a8e2750f,True,True,True,,,0,0,,,True
21,A,run_b_neo_excute_#1_20260625T174811KST,run_b_neo_excute_#6_20260626T095614KST,False,844e40a2f3e30815faffe77bf86dd6c427e3cf2b326eafb20b8227e021198282,8dbd3ba77d0b504c536c33046fae238e72e9c2bd16aee331915284e1395bab5e,False,False,536e1a4b9a36a11173a104b768264330081db2a88f3523be4b117c27edb02ad5,3db5609c3c0be23a519c224f7053ba69328b244c97c7649faa1673fdb5b15d14,True,True,True,,,0,0,,,True
21,B,run_b_neo_excute_#1_20260625T174811KST,run_b_neo_excute_#6_20260626T095614KST,True,d8915596b3a9dbac96519883449f99e5ce8753e55e742f481c0adba44b82f0cd,d8915596b3a9dbac96519883449f99e5ce8753e55e742f481c0adba44b82f0cd,True,True,894a5b4fefbbc27194a3900e9b76a8cbd6df4a60aaf04f29ba969a8d1311192a,894a5b4fefbbc27194a3900e9b76a8cbd6df4a60aaf04f29ba969a8d1311192a,True,True,True,,,0,0,,,True
21,C,run_b_neo_excute_#1_20260625T174811KST,run_b_neo_excute_#6_20260626T095614KST,True,526b386916890fd1e7aee92142c93a798041d0753e02ad09ff5b443f1d4ea11b,526b386916890fd1e7aee92142c93a798041d0753e02ad09ff5b443f1d4ea11b,True,True,e7c208566d3d12cd2fcd47714a43f8e0dae1e98f5545eff40a221cb573b44556,e7c208566d3d12cd2fcd47714a43f8e0dae1e98f5545eff40a221cb573b44556,True,True,True,,,0,0,,,True
22,A,run_b_neo_excute_#1_20260625T174811KST,run_b_neo_excute_#6_20260626T095614KST,False,94c7fc94fdc1959b0c7899fabbfc953bafd259d09a968a226cd4106688e5fd9a,ea2b4af8323ef650fb224f03e9fcc83997c23d688bcd4ae14057c63400a7bf2f,False,False,a95e383e9df673806cae5dee39eb098f43250d067abce74e69a64e3b95603a86,9da0955e1528c53c06f6e48f2a3bec1c3468edfa6a3254951f8eb5f331c92c37,True,True,True,,,0,0,,,True
22,B,run_b_neo_excute_#1_20260625T174811KST,run_b_neo_excute_#6_20260626T095614KST,True,71771a812c974637ed6a48abea092cef37845e615a725606c5c4fe9169af516b,71771a812c974637ed6a48abea092cef37845e615a725606c5c4fe9169af516b,True,True,89a27bb9a5db82d484d7ad53f515ba3970751aeddea3db62dac15bbe212dee60,89a27bb9a5db82d484d7ad53f515ba3970751aeddea3db62dac15bbe212dee60,True,True,True,,,0,0,,,True
22,C,run_b_neo_excute_#1_20260625T174811KST,run_b_neo_excute_#6_20260626T095614KST,True,da13567b48aaaf8b96ff29dfcac075be1cd1f062423ff089f2e6e24f1a4a3c2f,da13567b48aaaf8b96ff29dfcac075be1cd1f062423ff089f2e6e24f1a4a3c2f,True,True,59b455a5c1c0cb808a63eb885db1b961815935b8c7cd1610c60c4d6f2e2928e0,59b455a5c1c0cb808a63eb885db1b961815935b8c7cd1610c60c4d6f2e2928e0,True,True,True,,,0,0,,,True
23,A,run_b_neo_excute_#1_20260625T174811KST,run_b_neo_excute_#6_20260626T095614KST,False,cfa0a16bdb1400f7f73009cbba2ca48acfc19a9cb5408f5386f9072b3767ced9,7488af33c9b994b07c8a4bd612aaa56ed31ac3b1db06e82ae3b183014087a597,False,False,1f1323d46120a5191588295b51486c38d68f46c6499267fa1ec99178a29e22a2,4db9fc57def67bbd623435f35d124db03f80ab07c962d1d9ed3466229a96ba7b,True,True,True,,,0,0,,,True
23,B,run_b_neo_excute_#1_20260625T174811KST,run_b_neo_excute_#6_20260626T095614KST,True,3132d94d18209844578aaa5c7a5a0886ba4fdc347dfde829fd1bbc0e8d49f8fd,3132d94d18209844578aaa5c7a5a0886ba4fdc347dfde829fd1bbc0e8d49f8fd,True,True,a687a92a45118c3c1ed5bb45e8e0eda8d2feaa0395425cc2dccb259b3aa4c848,a687a92a45118c3c1ed5bb45e8e0eda8d2feaa0395425cc2dccb259b3aa4c848,True,True,True,,,0,0,,,True
23,C,run_b_neo_excute_#1_20260625T174811KST,run_b_neo_excute_#6_20260626T095614KST,True,b006ae8aac9c94065f928d932d606bcbd05a1075c8eb5942614aaca65ceba460,b006ae8aac9c94065f928d932d606bcbd05a1075c8eb5942614aaca65ceba460,True,True,63f40b5e88b18c6c537bc39b24deb5592b7c529dda2f8bdf5a9d4564494479b2,63f40b5e88b18c6c537bc39b24deb5592b7c529dda2f8bdf5a9d4564494479b2,True,True,True,,,0,0,,,True
24,A,run_b_neo_excute_#1_20260625T174811KST,run_b_neo_excute_#6_20260626T095614KST,False,38e2e8be83baf2213b4dda6bc8696d21ceedff4b6d655e78dc0dc6e52fa1194d,175e56af285663f2b9a62c16a59be5edf83b09f8b4379a1886d41fc965289de2,False,False,f57ec5b5203e3822190a359157b5e620be46826f1b770832987c5ec6a6cac148,c2f76c7e0969718b70301260a51b50c4a71491f3b3a47b1bc45895078b427764,True,True,True,,,0,0,,,True
24,B,run_b_neo_excute_#1_20260625T174811KST,run_b_neo_excute_#6_20260626T095614KST,True,88127f20fd9ad230275e7433cffe5e93cd359a8d394d97ef7d196bb152c0ef93,88127f20fd9ad230275e7433cffe5e93cd359a8d394d97ef7d196bb152c0ef93,True,True,eb5cc6adfddc749621cae2e44fa8824fefec0212534f9e91fc5220bc27462aa4,eb5cc6adfddc749621cae2e44fa8824fefec0212534f9e91fc5220bc27462aa4,True,True,True,,,0,0,,,True
24,C,run_b_neo_excute_#1_20260625T174811KST,run_b_neo_excute_#6_20260626T095614KST,True,573ed3af5c1884dc8418425c602761dac31a863bac2350047af1619642d6ea93,573ed3af5c1884dc8418425c602761dac31a863bac2350047af1619642d6ea93,True,True,e44e4854e1bf9642aae663686a8bb98a7656fb3262a6e979a8d9515aad693fb1,e44e4854e1bf9642aae663686a8bb98a7656fb3262a6e979a8d9515aad693fb1,True,True,True,,,0,0,,,True
25,A,run_b_neo_excute_#1_20260625T174811KST,run_b_neo_excute_#6_20260626T095614KST,False,d05121920e46b71d7eb5975c5f8e374ec476fcb935d4a0a054e2a1131a23d117,839d1ca3d2a5f51829f8753f7831d399098c49876ddd9777fab42b7cc55c1151,False,False,24cc7d76b134a80a7ff829e5eaf44ac696a516cb01088a06110fd378a84fec8d,5ab6feb11776cd7c69c1b199e810fc85c42c4d183cfa17b45cde8bc1689ce3eb,True,True,True,c809642fe9c8bebd25b4f18d8dc31db7a6d278008e7ece5d5e46383b51b4adf2,c809642fe9c8bebd25b4f18d8dc31db7a6d278008e7ece5d5e46383b51b4adf2,614,614,A.low_confidence:abs(d_lms)>theta_lms,A.low_confidence:abs(d_lms)>theta_lms,True
25,B,run_b_neo_excute_#1_20260625T174811KST,run_b_neo_excute_#6_20260626T095614KST,True,763cd392f099c26d61f096fe2ed91c71470567119198ed3ba05635bad2c425b7,763cd392f099c26d61f096fe2ed91c71470567119198ed3ba05635bad2c425b7,True,True,c5885f391247d5d06e1641fd5484fa3e1e5365a2ce0cede7a70539492720b916,c5885f391247d5d06e1641fd5484fa3e1e5365a2ce0cede7a70539492720b916,True,True,True,,,0,0,,,True
25,C,run_b_neo_excute_#1_20260625T174811KST,run_b_neo_excute_#6_20260626T095614KST,True,2b36722333f041aee089ea4e59395e048974bea4cb67fc59c9626e5a0abf9655,2b36722333f041aee089ea4e59395e048974bea4cb67fc59c9626e5a0abf9655,True,True,35c0698f7e4e8fe1461890d349c85263bc616bfde2f3ecda98e8090293c8a8fd,35c0698f7e4e8fe1461890d349c85263bc616bfde2f3ecda98e8090293c8a8fd,True,True,True,,,0,0,,,True
26,A,run_b_neo_excute_#1_20260625T174811KST,run_b_neo_excute_#6_20260626T095614KST,False,f06049da71faf04c9cfb2b1a402583a97f6a6fdf1360cad43bb191c0416c8e75,932d681f7bd14930c7e36026269d286aa25e01db04c2db9e5130bf200f971790,False,False,3791993bf6def85b9f8f4d6aa39b3876fa511b999a1850dfbbaee98a72c974e0,a67d736df43a5389d8f7ffabe1f4cf855150471ecd7e0bd118e67fe1daf18b91,True,True,True,,,0,0,,,True
26,B,run_b_neo_excute_#1_20260625T174811KST,run_b_neo_excute_#6_20260626T095614KST,True,3f5fd65b0685fbea2af4a025b45bcbb322b9ad934d6cbd0cf5b3948b5d38819f,3f5fd65b0685fbea2af4a025b45bcbb322b9ad934d6cbd0cf5b3948b5d38819f,True,True,5c09c2a70263439cbe496d6b6d5b011a4be99885aba2361a37b1e8367c31c6ea,5c09c2a70263439cbe496d6b6d5b011a4be99885aba2361a37b1e8367c31c6ea,True,True,True,,,0,0,,,True
26,C,run_b_neo_excute_#1_20260625T174811KST,run_b_neo_excute_#6_20260626T095614KST,True,3ada2e5017be768adeecad30d62fd4bf1d6ce0ef7e7579b51348151028639e7c,3ada2e5017be768adeecad30d62fd4bf1d6ce0ef7e7579b51348151028639e7c,True,True,34927ec357cfc5b2040fcda1cbf9c036d3647089f3c30cde78d554ca208dd8ba,34927ec357cfc5b2040fcda1cbf9c036d3647089f3c30cde78d554ca208dd8ba,True,True,True,,,0,0,,,True
27,A,run_b_neo_excute_#1_20260625T174811KST,run_b_neo_excute_#6_20260626T095614KST,False,7d9d342d25f423f20a759406c24370d60331de2681288c887390ec38ec6677bb,5278e64f9bf4901dca732e474bad57955fa73adf32b5df13c33e21446e8380cf,False,False,7f8db5a78ebb8d4a7dd65a1ace753d0aa670d5da0cba324aaaf4c8c1a5ddc33d,f5aa408d0fa0451d1aae407997c7961b3f8155726fcf7c871747c8a75069329e,True,True,True,,,0,0,,,True
27,B,run_b_neo_excute_#1_20260625T174811KST,run_b_neo_excute_#6_20260626T095614KST,True,35187254aac3f8a7c3a0af1f038a6926f2f2e812cb37e327b496b05bafccb37a,35187254aac3f8a7c3a0af1f038a6926f2f2e812cb37e327b496b05bafccb37a,True,True,f3061e4a2b4807ff408ff62ff84402561534695b9811ae272317d13109d4fef2,f3061e4a2b4807ff408ff62ff84402561534695b9811ae272317d13109d4fef2,True,True,True,,,0,0,,,True
27,C,run_b_neo_excute_#1_20260625T174811KST,run_b_neo_excute_#6_20260626T095614KST,True,5439145db5e983151c3c79280f5368ba9cdf200003494e4cbdae604f6bbd85dd,5439145db5e983151c3c79280f5368ba9cdf200003494e4cbdae604f6bbd85dd,True,True,9f74e7ee913c870f004016832ae06263d8d01d7020dd527cf99b38c14e2c5caf,9f74e7ee913c870f004016832ae06263d8d01d7020dd527cf99b38c14e2c5caf,True,True,True,,,0,0,,,True
28,A,run_b_neo_excute_#1_20260625T174811KST,run_b_neo_excute_#6_20260626T095614KST,False,bf9fd51de5b682cca214cbf853f362a61c90bdebcf6845e3d246446da94ea806,608641af8d181f8cc11b53151de82fdecb468738c197fbe171915e9d2feea6e8,False,False,86508efa118b42983bc3b15bc3ebc519d13ac5acf88047867c63044a9e850cac,27dd54c15c1c6a0658874dbc7ab2f1a811f64867861bc0faf868d8879c66cff4,True,True,True,,,0,0,,,True
28,B,run_b_neo_excute_#1_20260625T174811KST,run_b_neo_excute_#6_20260626T095614KST,True,7cb31bc2f8b1de4f2c143d7ea6abe80a81d2f08ca9878ce1a2596d16384322a5,7cb31bc2f8b1de4f2c143d7ea6abe80a81d2f08ca9878ce1a2596d16384322a5,True,True,16079ffd22cca44a648076f451d8029032f745515bd197ddaedf06a85fba132c,16079ffd22cca44a648076f451d8029032f745515bd197ddaedf06a85fba132c,True,True,True,,,0,0,,,True
28,C,run_b_neo_excute_#1_20260625T174811KST,run_b_neo_excute_#6_20260626T095614KST,True,cdf55c1b9a69474423bb0a61be37dc381dfa26f79611e0057db5b1f41bf93ff1,cdf55c1b9a69474423bb0a61be37dc381dfa26f79611e0057db5b1f41bf93ff1,True,True,d4299e6578fe42a45498f2b4e2776b02991df6a1eed266adc3d1c432544f4ded,d4299e6578fe42a45498f2b4e2776b02991df6a1eed266adc3d1c432544f4ded,True,True,True,,,0,0,,,True
29,A,run_b_neo_excute_#1_20260625T174811KST,run_b_neo_excute_#6_20260626T095614KST,False,3eb50786ab2c0e45e1728fb0381c7bdedf6d473972c016c0144a9d7428a54ea0,8c3cc16cfa4efa6499b29b872f81e25b57195cc1c00c528df1e93a9eae2b35f5,False,False,4859dd989a9f13506765e28945a4c2b19b0130b8b5596d980b11b508e68fdaac,ef9a9e6d14878f074c2ce1db0ae4c71388173b706b8190c3a898a205d2352689,True,True,True,,,0,0,,,True
29,B,run_b_neo_excute_#1_20260625T174811KST,run_b_neo_excute_#6_20260626T095614KST,True,c0972f5a0de26c162bb9596147e9a93cc13be0a11b7a316b773c8543292c6b1a,c0972f5a0de26c162bb9596147e9a93cc13be0a11b7a316b773c8543292c6b1a,True,True,ef9a9e6d14878f074c2ce1db0ae4c71388173b706b8190c3a898a205d2352689,ef9a9e6d14878f074c2ce1db0ae4c71388173b706b8190c3a898a205d2352689,True,True,True,,,0,0,,,True
29,C,run_b_neo_excute_#1_20260625T174811KST,run_b_neo_excute_#6_20260626T095614KST,True,870077a9c6d131d711c4d2bf02dd99d03ce2679cb2e4626673c78e05e6a5615c,870077a9c6d131d711c4d2bf02dd99d03ce2679cb2e4626673c78e05e6a5615c,True,True,d3a8180f26c0761d160a8af493fd66cb1489b3664e7e75ad57948633ec03cbd1,d3a8180f26c0761d160a8af493fd66cb1489b3664e7e75ad57948633ec03cbd1,True,True,True,,,0,0,,,True
30,A,run_b_neo_excute_#1_20260625T174811KST,run_b_neo_excute_#6_20260626T095614KST,False,48d5914006561829d4f21b9276c875f2245286c3eb641c9bedb904699694f694,14fd2fc462713d8e3670afa7dc78ed7fb5dd344898be8e5511b39ba9dce6e5ad,False,False,9e8416247790bcb1f827f58bf54779ed7e016c6c2936755034bbd7c8688c6739,6cc9348994a377ca623184560efc985fe7d12a7c8aed2c0eaf447610b5eddc18,True,True,True,,,0,0,,,True
30,B,run_b_neo_excute_#1_20260625T174811KST,run_b_neo_excute_#6_20260626T095614KST,True,a5cd7c11be266be4634d042daa426ae366c512ba56d2bf97ae435cface15878f,a5cd7c11be266be4634d042daa426ae366c512ba56d2bf97ae435cface15878f,True,True,9c9f6e36bb365271489bbd2df74363af5afe2d19fee08292ff7c3f553dc694b7,9c9f6e36bb365271489bbd2df74363af5afe2d19fee08292ff7c3f553dc694b7,True,True,True,,,0,0,,,True
30,C,run_b_neo_excute_#1_20260625T174811KST,run_b_neo_excute_#6_20260626T095614KST,True,8b021fa4c750fcb871be9a098180bc1dcfbb1eba60b642b81caac3dc217d14de,8b021fa4c750fcb871be9a098180bc1dcfbb1eba60b642b81caac3dc217d14de,True,True,3fcd5f872017d091c9b9b490cc6fd96bd4655244237ddbde1621f22d81de8c1c,3fcd5f872017d091c9b9b490cc6fd96bd4655244237ddbde1621f22d81de8c1c,True,True,True,,,0,0,,,True
