run_id,turn,expected_rbc,stored_rbc,matches,reasons_match,source_nodes_match
run_b_neo_excute_#1_20260625T174811KST,1,False,False,True,True,True
run_b_neo_excute_#1_20260625T174811KST,2,False,False,True,True,True
run_b_neo_excute_#1_20260625T174811KST,3,False,False,True,True,True
run_b_neo_excute_#1_20260625T174811KST,4,False,False,True,True,True
run_b_neo_excute_#1_20260625T174811KST,5,False,False,True,True,True
run_b_neo_excute_#1_20260625T174811KST,6,False,False,True,True,True
run_b_neo_excute_#1_20260625T174811KST,7,False,False,True,True,True
run_b_neo_excute_#1_20260625T174811KST,8,True,True,True,True,True
run_b_neo_excute_#1_20260625T174811KST,9,False,False,True,True,True
run_b_neo_excute_#1_20260625T174811KST,10,False,False,True,True,True
run_b_neo_excute_#1_20260625T174811KST,11,False,False,True,True,True
run_b_neo_excute_#1_20260625T174811KST,12,False,False,True,True,True
run_b_neo_excute_#1_20260625T174811KST,13,False,False,True,True,True
run_b_neo_excute_#1_20260625T174811KST,14,False,False,True,True,True
run_b_neo_excute_#1_20260625T174811KST,15,False,False,True,True,True
run_b_neo_excute_#1_20260625T174811KST,16,False,False,True,True,True
run_b_neo_excute_#1_20260625T174811KST,17,False,False,True,True,True
run_b_neo_excute_#1_20260625T174811KST,18,False,False,True,True,True
run_b_neo_excute_#1_20260625T174811KST,19,False,False,True,True,True
run_b_neo_excute_#1_20260625T174811KST,20,True,True,True,True,True
run_b_neo_excute_#1_20260625T174811KST,21,False,False,True,True,True
run_b_neo_excute_#1_20260625T174811KST,22,False,False,True,True,True
run_b_neo_excute_#1_20260625T174811KST,23,False,False,True,True,True
run_b_neo_excute_#1_20260625T174811KST,24,False,False,True,True,True
run_b_neo_excute_#1_20260625T174811KST,25,True,True,True,True,True
run_b_neo_excute_#1_20260625T174811KST,26,False,False,True,True,True
run_b_neo_excute_#1_20260625T174811KST,27,False,False,True,True,True
run_b_neo_excute_#1_20260625T174811KST,28,False,False,True,True,True
run_b_neo_excute_#1_20260625T174811KST,29,False,False,True,True,True
run_b_neo_excute_#1_20260625T174811KST,30,False,False,True,True,True
run_b_neo_excute_#2_20260625T180826KST,1,False,False,True,True,True
run_b_neo_excute_#2_20260625T180826KST,2,False,False,True,True,True
run_b_neo_excute_#2_20260625T180826KST,3,False,False,True,True,True
run_b_neo_excute_#2_20260625T180826KST,4,False,False,True,True,True
run_b_neo_excute_#2_20260625T180826KST,5,False,False,True,True,True
run_b_neo_excute_#2_20260625T180826KST,6,False,False,True,True,True
run_b_neo_excute_#2_20260625T180826KST,7,False,False,True,True,True
run_b_neo_excute_#2_20260625T180826KST,8,True,True,True,True,True
run_b_neo_excute_#2_20260625T180826KST,9,False,False,True,True,True
run_b_neo_excute_#2_20260625T180826KST,10,False,False,True,True,True
run_b_neo_excute_#2_20260625T180826KST,11,False,False,True,True,True
run_b_neo_excute_#2_20260625T180826KST,12,False,False,True,True,True
run_b_neo_excute_#2_20260625T180826KST,13,False,False,True,True,True
run_b_neo_excute_#2_20260625T180826KST,14,False,False,True,True,True
run_b_neo_excute_#2_20260625T180826KST,15,False,False,True,True,True
run_b_neo_excute_#2_20260625T180826KST,16,False,False,True,True,True
run_b_neo_excute_#2_20260625T180826KST,17,False,False,True,True,True
run_b_neo_excute_#2_20260625T180826KST,18,False,False,True,True,True
run_b_neo_excute_#2_20260625T180826KST,19,False,False,True,True,True
run_b_neo_excute_#2_20260625T180826KST,20,True,True,True,True,True
run_b_neo_excute_#2_20260625T180826KST,21,False,False,True,True,True
run_b_neo_excute_#2_20260625T180826KST,22,False,False,True,True,True
run_b_neo_excute_#2_20260625T180826KST,23,False,False,True,True,True
run_b_neo_excute_#2_20260625T180826KST,24,False,False,True,True,True
run_b_neo_excute_#2_20260625T180826KST,25,True,True,True,True,True
run_b_neo_excute_#2_20260625T180826KST,26,False,False,True,True,True
run_b_neo_excute_#2_20260625T180826KST,27,False,False,True,True,True
run_b_neo_excute_#2_20260625T180826KST,28,False,False,True,True,True
run_b_neo_excute_#2_20260625T180826KST,29,False,False,True,True,True
run_b_neo_excute_#2_20260625T180826KST,30,False,False,True,True,True
run_b_neo_excute_#3_20260625T182845KST,1,False,False,True,True,True
run_b_neo_excute_#3_20260625T182845KST,2,False,False,True,True,True
run_b_neo_excute_#3_20260625T182845KST,3,False,False,True,True,True
run_b_neo_excute_#3_20260625T182845KST,4,False,False,True,True,True
run_b_neo_excute_#3_20260625T182845KST,5,False,False,True,True,True
run_b_neo_excute_#3_20260625T182845KST,6,False,False,True,True,True
run_b_neo_excute_#3_20260625T182845KST,7,False,False,True,True,True
run_b_neo_excute_#3_20260625T182845KST,8,True,True,True,True,True
run_b_neo_excute_#3_20260625T182845KST,9,False,False,True,True,True
run_b_neo_excute_#3_20260625T182845KST,10,False,False,True,True,True
run_b_neo_excute_#3_20260625T182845KST,11,False,False,True,True,True
run_b_neo_excute_#3_20260625T182845KST,12,False,False,True,True,True
run_b_neo_excute_#3_20260625T182845KST,13,False,False,True,True,True
run_b_neo_excute_#3_20260625T182845KST,14,False,False,True,True,True
run_b_neo_excute_#3_20260625T182845KST,15,False,False,True,True,True
run_b_neo_excute_#3_20260625T182845KST,16,False,False,True,True,True
run_b_neo_excute_#3_20260625T182845KST,17,False,False,True,True,True
run_b_neo_excute_#3_20260625T182845KST,18,False,False,True,True,True
run_b_neo_excute_#3_20260625T182845KST,19,False,False,True,True,True
run_b_neo_excute_#3_20260625T182845KST,20,True,True,True,True,True
run_b_neo_excute_#3_20260625T182845KST,21,False,False,True,True,True
run_b_neo_excute_#3_20260625T182845KST,22,False,False,True,True,True
run_b_neo_excute_#3_20260625T182845KST,23,False,False,True,True,True
run_b_neo_excute_#3_20260625T182845KST,24,False,False,True,True,True
run_b_neo_excute_#3_20260625T182845KST,25,True,True,True,True,True
run_b_neo_excute_#3_20260625T182845KST,26,False,False,True,True,True
run_b_neo_excute_#3_20260625T182845KST,27,False,False,True,True,True
run_b_neo_excute_#3_20260625T182845KST,28,False,False,True,True,True
run_b_neo_excute_#3_20260625T182845KST,29,False,False,True,True,True
run_b_neo_excute_#3_20260625T182845KST,30,False,False,True,True,True
run_b_neo_excute_#4_20260625T184902KST,1,False,False,True,True,True
run_b_neo_excute_#4_20260625T184902KST,2,False,False,True,True,True
run_b_neo_excute_#4_20260625T184902KST,3,False,False,True,True,True
run_b_neo_excute_#4_20260625T184902KST,4,False,False,True,True,True
run_b_neo_excute_#4_20260625T184902KST,5,False,False,True,True,True
run_b_neo_excute_#4_20260625T184902KST,6,False,False,True,True,True
run_b_neo_excute_#4_20260625T184902KST,7,False,False,True,True,True
run_b_neo_excute_#4_20260625T184902KST,8,True,True,True,True,True
run_b_neo_excute_#4_20260625T184902KST,9,False,False,True,True,True
run_b_neo_excute_#4_20260625T184902KST,10,False,False,True,True,True
run_b_neo_excute_#4_20260625T184902KST,11,False,False,True,True,True
run_b_neo_excute_#4_20260625T184902KST,12,False,False,True,True,True
run_b_neo_excute_#4_20260625T184902KST,13,False,False,True,True,True
run_b_neo_excute_#4_20260625T184902KST,14,False,False,True,True,True
run_b_neo_excute_#4_20260625T184902KST,15,False,False,True,True,True
run_b_neo_excute_#4_20260625T184902KST,16,False,False,True,True,True
run_b_neo_excute_#4_20260625T184902KST,17,False,False,True,True,True
run_b_neo_excute_#4_20260625T184902KST,18,False,False,True,True,True
run_b_neo_excute_#4_20260625T184902KST,19,False,False,True,True,True
run_b_neo_excute_#4_20260625T184902KST,20,True,True,True,True,True
run_b_neo_excute_#4_20260625T184902KST,21,False,False,True,True,True
run_b_neo_excute_#4_20260625T184902KST,22,False,False,True,True,True
run_b_neo_excute_#4_20260625T184902KST,23,False,False,True,True,True
run_b_neo_excute_#4_20260625T184902KST,24,False,False,True,True,True
run_b_neo_excute_#4_20260625T184902KST,25,True,True,True,True,True
run_b_neo_excute_#4_20260625T184902KST,26,False,False,True,True,True
run_b_neo_excute_#4_20260625T184902KST,27,False,False,True,True,True
run_b_neo_excute_#4_20260625T184902KST,28,False,False,True,True,True
run_b_neo_excute_#4_20260625T184902KST,29,False,False,True,True,True
run_b_neo_excute_#4_20260625T184902KST,30,False,False,True,True,True
run_b_neo_excute_#5_20260625T190921KST,1,False,False,True,True,True
run_b_neo_excute_#5_20260625T190921KST,2,False,False,True,True,True
run_b_neo_excute_#5_20260625T190921KST,3,False,False,True,True,True
run_b_neo_excute_#5_20260625T190921KST,4,False,False,True,True,True
run_b_neo_excute_#5_20260625T190921KST,5,False,False,True,True,True
run_b_neo_excute_#5_20260625T190921KST,6,False,False,True,True,True
run_b_neo_excute_#5_20260625T190921KST,7,False,False,True,True,True
run_b_neo_excute_#5_20260625T190921KST,8,True,True,True,True,True
run_b_neo_excute_#5_20260625T190921KST,9,False,False,True,True,True
run_b_neo_excute_#5_20260625T190921KST,10,False,False,True,True,True
run_b_neo_excute_#5_20260625T190921KST,11,False,False,True,True,True
run_b_neo_excute_#5_20260625T190921KST,12,False,False,True,True,True
run_b_neo_excute_#5_20260625T190921KST,13,False,False,True,True,True
run_b_neo_excute_#5_20260625T190921KST,14,False,False,True,True,True
run_b_neo_excute_#5_20260625T190921KST,15,False,False,True,True,True
run_b_neo_excute_#5_20260625T190921KST,16,False,False,True,True,True
run_b_neo_excute_#5_20260625T190921KST,17,False,False,True,True,True
run_b_neo_excute_#5_20260625T190921KST,18,False,False,True,True,True
run_b_neo_excute_#5_20260625T190921KST,19,False,False,True,True,True
run_b_neo_excute_#5_20260625T190921KST,20,True,True,True,True,True
run_b_neo_excute_#5_20260625T190921KST,21,False,False,True,True,True
run_b_neo_excute_#5_20260625T190921KST,22,False,False,True,True,True
run_b_neo_excute_#5_20260625T190921KST,23,False,False,True,True,True
run_b_neo_excute_#5_20260625T190921KST,24,False,False,True,True,True
run_b_neo_excute_#5_20260625T190921KST,25,True,True,True,True,True
run_b_neo_excute_#5_20260625T190921KST,26,False,False,True,True,True
run_b_neo_excute_#5_20260625T190921KST,27,False,False,True,True,True
run_b_neo_excute_#5_20260625T190921KST,28,False,False,True,True,True
run_b_neo_excute_#5_20260625T190921KST,29,False,False,True,True,True
run_b_neo_excute_#5_20260625T190921KST,30,False,False,True,True,True
run_b_neo_excute_#6_20260626T095614KST,1,False,False,True,True,True
run_b_neo_excute_#6_20260626T095614KST,2,False,False,True,True,True
run_b_neo_excute_#6_20260626T095614KST,3,False,False,True,True,True
run_b_neo_excute_#6_20260626T095614KST,4,False,False,True,True,True
run_b_neo_excute_#6_20260626T095614KST,5,False,False,True,True,True
run_b_neo_excute_#6_20260626T095614KST,6,False,False,True,True,True
run_b_neo_excute_#6_20260626T095614KST,7,False,False,True,True,True
run_b_neo_excute_#6_20260626T095614KST,8,True,True,True,True,True
run_b_neo_excute_#6_20260626T095614KST,9,False,False,True,True,True
run_b_neo_excute_#6_20260626T095614KST,10,False,False,True,True,True
run_b_neo_excute_#6_20260626T095614KST,11,False,False,True,True,True
run_b_neo_excute_#6_20260626T095614KST,12,False,False,True,True,True
run_b_neo_excute_#6_20260626T095614KST,13,False,False,True,True,True
run_b_neo_excute_#6_20260626T095614KST,14,False,False,True,True,True
run_b_neo_excute_#6_20260626T095614KST,15,False,False,True,True,True
run_b_neo_excute_#6_20260626T095614KST,16,False,False,True,True,True
run_b_neo_excute_#6_20260626T095614KST,17,False,False,True,True,True
run_b_neo_excute_#6_20260626T095614KST,18,False,False,True,True,True
run_b_neo_excute_#6_20260626T095614KST,19,False,False,True,True,True
run_b_neo_excute_#6_20260626T095614KST,20,True,True,True,True,True
run_b_neo_excute_#6_20260626T095614KST,21,False,False,True,True,True
run_b_neo_excute_#6_20260626T095614KST,22,False,False,True,True,True
run_b_neo_excute_#6_20260626T095614KST,23,False,False,True,True,True
run_b_neo_excute_#6_20260626T095614KST,24,False,False,True,True,True
run_b_neo_excute_#6_20260626T095614KST,25,True,True,True,True,True
run_b_neo_excute_#6_20260626T095614KST,26,False,False,True,True,True
run_b_neo_excute_#6_20260626T095614KST,27,False,False,True,True,True
run_b_neo_excute_#6_20260626T095614KST,28,False,False,True,True,True
run_b_neo_excute_#6_20260626T095614KST,29,False,False,True,True,True
run_b_neo_excute_#6_20260626T095614KST,30,False,False,True,True,True
run_b_neo_excute_#7_20260626T101630KST,1,False,False,True,True,True
run_b_neo_excute_#7_20260626T101630KST,2,False,False,True,True,True
run_b_neo_excute_#7_20260626T101630KST,3,False,False,True,True,True
run_b_neo_excute_#7_20260626T101630KST,4,False,False,True,True,True
run_b_neo_excute_#7_20260626T101630KST,5,False,False,True,True,True
run_b_neo_excute_#7_20260626T101630KST,6,False,False,True,True,True
run_b_neo_excute_#7_20260626T101630KST,7,False,False,True,True,True
run_b_neo_excute_#7_20260626T101630KST,8,True,True,True,True,True
run_b_neo_excute_#7_20260626T101630KST,9,False,False,True,True,True
run_b_neo_excute_#7_20260626T101630KST,10,False,False,True,True,True
run_b_neo_excute_#7_20260626T101630KST,11,False,False,True,True,True
run_b_neo_excute_#7_20260626T101630KST,12,False,False,True,True,True
run_b_neo_excute_#7_20260626T101630KST,13,False,False,True,True,True
run_b_neo_excute_#7_20260626T101630KST,14,False,False,True,True,True
run_b_neo_excute_#7_20260626T101630KST,15,False,False,True,True,True
run_b_neo_excute_#7_20260626T101630KST,16,False,False,True,True,True
run_b_neo_excute_#7_20260626T101630KST,17,False,False,True,True,True
run_b_neo_excute_#7_20260626T101630KST,18,False,False,True,True,True
run_b_neo_excute_#7_20260626T101630KST,19,False,False,True,True,True
run_b_neo_excute_#7_20260626T101630KST,20,True,True,True,True,True
run_b_neo_excute_#7_20260626T101630KST,21,False,False,True,True,True
run_b_neo_excute_#7_20260626T101630KST,22,False,False,True,True,True
run_b_neo_excute_#7_20260626T101630KST,23,False,False,True,True,True
run_b_neo_excute_#7_20260626T101630KST,24,False,False,True,True,True
run_b_neo_excute_#7_20260626T101630KST,25,True,True,True,True,True
run_b_neo_excute_#7_20260626T101630KST,26,False,False,True,True,True
run_b_neo_excute_#7_20260626T101630KST,27,False,False,True,True,True
run_b_neo_excute_#7_20260626T101630KST,28,False,False,True,True,True
run_b_neo_excute_#7_20260626T101630KST,29,False,False,True,True,True
run_b_neo_excute_#7_20260626T101630KST,30,False,False,True,True,True
run_b_neo_excute_#8_20260626T103649KST,1,False,False,True,True,True
run_b_neo_excute_#8_20260626T103649KST,2,False,False,True,True,True
run_b_neo_excute_#8_20260626T103649KST,3,False,False,True,True,True
run_b_neo_excute_#8_20260626T103649KST,4,False,False,True,True,True
run_b_neo_excute_#8_20260626T103649KST,5,False,False,True,True,True
run_b_neo_excute_#8_20260626T103649KST,6,False,False,True,True,True
run_b_neo_excute_#8_20260626T103649KST,7,False,False,True,True,True
run_b_neo_excute_#8_20260626T103649KST,8,True,True,True,True,True
run_b_neo_excute_#8_20260626T103649KST,9,False,False,True,True,True
run_b_neo_excute_#8_20260626T103649KST,10,False,False,True,True,True
run_b_neo_excute_#8_20260626T103649KST,11,False,False,True,True,True
run_b_neo_excute_#8_20260626T103649KST,12,False,False,True,True,True
run_b_neo_excute_#8_20260626T103649KST,13,False,False,True,True,True
run_b_neo_excute_#8_20260626T103649KST,14,False,False,True,True,True
run_b_neo_excute_#8_20260626T103649KST,15,False,False,True,True,True
run_b_neo_excute_#8_20260626T103649KST,16,False,False,True,True,True
run_b_neo_excute_#8_20260626T103649KST,17,False,False,True,True,True
run_b_neo_excute_#8_20260626T103649KST,18,False,False,True,True,True
run_b_neo_excute_#8_20260626T103649KST,19,False,False,True,True,True
run_b_neo_excute_#8_20260626T103649KST,20,True,True,True,True,True
run_b_neo_excute_#8_20260626T103649KST,21,False,False,True,True,True
run_b_neo_excute_#8_20260626T103649KST,22,False,False,True,True,True
run_b_neo_excute_#8_20260626T103649KST,23,False,False,True,True,True
run_b_neo_excute_#8_20260626T103649KST,24,False,False,True,True,True
run_b_neo_excute_#8_20260626T103649KST,25,True,True,True,True,True
run_b_neo_excute_#8_20260626T103649KST,26,False,False,True,True,True
run_b_neo_excute_#8_20260626T103649KST,27,False,False,True,True,True
run_b_neo_excute_#8_20260626T103649KST,28,False,False,True,True,True
run_b_neo_excute_#8_20260626T103649KST,29,False,False,True,True,True
run_b_neo_excute_#8_20260626T103649KST,30,False,False,True,True,True
run_b_neo_excute_#9_20260626T105708KST,1,False,False,True,True,True
run_b_neo_excute_#9_20260626T105708KST,2,False,False,True,True,True
run_b_neo_excute_#9_20260626T105708KST,3,False,False,True,True,True
run_b_neo_excute_#9_20260626T105708KST,4,False,False,True,True,True
run_b_neo_excute_#9_20260626T105708KST,5,False,False,True,True,True
run_b_neo_excute_#9_20260626T105708KST,6,False,False,True,True,True
run_b_neo_excute_#9_20260626T105708KST,7,False,False,True,True,True
run_b_neo_excute_#9_20260626T105708KST,8,True,True,True,True,True
run_b_neo_excute_#9_20260626T105708KST,9,False,False,True,True,True
run_b_neo_excute_#9_20260626T105708KST,10,False,False,True,True,True
run_b_neo_excute_#9_20260626T105708KST,11,False,False,True,True,True
run_b_neo_excute_#9_20260626T105708KST,12,False,False,True,True,True
run_b_neo_excute_#9_20260626T105708KST,13,False,False,True,True,True
run_b_neo_excute_#9_20260626T105708KST,14,False,False,True,True,True
run_b_neo_excute_#9_20260626T105708KST,15,False,False,True,True,True
run_b_neo_excute_#9_20260626T105708KST,16,False,False,True,True,True
run_b_neo_excute_#9_20260626T105708KST,17,False,False,True,True,True
run_b_neo_excute_#9_20260626T105708KST,18,False,False,True,True,True
run_b_neo_excute_#9_20260626T105708KST,19,False,False,True,True,True
run_b_neo_excute_#9_20260626T105708KST,20,True,True,True,True,True
run_b_neo_excute_#9_20260626T105708KST,21,False,False,True,True,True
run_b_neo_excute_#9_20260626T105708KST,22,False,False,True,True,True
run_b_neo_excute_#9_20260626T105708KST,23,False,False,True,True,True
run_b_neo_excute_#9_20260626T105708KST,24,False,False,True,True,True
run_b_neo_excute_#9_20260626T105708KST,25,True,True,True,True,True
run_b_neo_excute_#9_20260626T105708KST,26,False,False,True,True,True
run_b_neo_excute_#9_20260626T105708KST,27,False,False,True,True,True
run_b_neo_excute_#9_20260626T105708KST,28,False,False,True,True,True
run_b_neo_excute_#9_20260626T105708KST,29,False,False,True,True,True
run_b_neo_excute_#9_20260626T105708KST,30,False,False,True,True,True
run_b_neo_excute_#10_20260626T111728KST,1,False,False,True,True,True
run_b_neo_excute_#10_20260626T111728KST,2,False,False,True,True,True
run_b_neo_excute_#10_20260626T111728KST,3,False,False,True,True,True
run_b_neo_excute_#10_20260626T111728KST,4,False,False,True,True,True
run_b_neo_excute_#10_20260626T111728KST,5,False,False,True,True,True
run_b_neo_excute_#10_20260626T111728KST,6,False,False,True,True,True
run_b_neo_excute_#10_20260626T111728KST,7,False,False,True,True,True
run_b_neo_excute_#10_20260626T111728KST,8,True,True,True,True,True
run_b_neo_excute_#10_20260626T111728KST,9,False,False,True,True,True
run_b_neo_excute_#10_20260626T111728KST,10,False,False,True,True,True
run_b_neo_excute_#10_20260626T111728KST,11,False,False,True,True,True
run_b_neo_excute_#10_20260626T111728KST,12,False,False,True,True,True
run_b_neo_excute_#10_20260626T111728KST,13,False,False,True,True,True
run_b_neo_excute_#10_20260626T111728KST,14,False,False,True,True,True
run_b_neo_excute_#10_20260626T111728KST,15,False,False,True,True,True
run_b_neo_excute_#10_20260626T111728KST,16,False,False,True,True,True
run_b_neo_excute_#10_20260626T111728KST,17,False,False,True,True,True
run_b_neo_excute_#10_20260626T111728KST,18,False,False,True,True,True
run_b_neo_excute_#10_20260626T111728KST,19,False,False,True,True,True
run_b_neo_excute_#10_20260626T111728KST,20,True,True,True,True,True
run_b_neo_excute_#10_20260626T111728KST,21,False,False,True,True,True
run_b_neo_excute_#10_20260626T111728KST,22,False,False,True,True,True
run_b_neo_excute_#10_20260626T111728KST,23,False,False,True,True,True
run_b_neo_excute_#10_20260626T111728KST,24,False,False,True,True,True
run_b_neo_excute_#10_20260626T111728KST,25,True,True,True,True,True
run_b_neo_excute_#10_20260626T111728KST,26,False,False,True,True,True
run_b_neo_excute_#10_20260626T111728KST,27,False,False,True,True,True
run_b_neo_excute_#10_20260626T111728KST,28,False,False,True,True,True
run_b_neo_excute_#10_20260626T111728KST,29,False,False,True,True,True
run_b_neo_excute_#10_20260626T111728KST,30,False,False,True,True,True
run_b_neo_excute_#11_20260626T120149KST,1,False,False,True,True,True
run_b_neo_excute_#11_20260626T120149KST,2,False,False,True,True,True
run_b_neo_excute_#11_20260626T120149KST,3,False,False,True,True,True
run_b_neo_excute_#11_20260626T120149KST,4,False,False,True,True,True
run_b_neo_excute_#11_20260626T120149KST,5,False,False,True,True,True
run_b_neo_excute_#11_20260626T120149KST,6,False,False,True,True,True
run_b_neo_excute_#11_20260626T120149KST,7,False,False,True,True,True
run_b_neo_excute_#11_20260626T120149KST,8,True,True,True,True,True
run_b_neo_excute_#11_20260626T120149KST,9,False,False,True,True,True
run_b_neo_excute_#11_20260626T120149KST,10,False,False,True,True,True
run_b_neo_excute_#11_20260626T120149KST,11,False,False,True,True,True
run_b_neo_excute_#11_20260626T120149KST,12,False,False,True,True,True
run_b_neo_excute_#11_20260626T120149KST,13,False,False,True,True,True
run_b_neo_excute_#11_20260626T120149KST,14,False,False,True,True,True
run_b_neo_excute_#11_20260626T120149KST,15,False,False,True,True,True
run_b_neo_excute_#11_20260626T120149KST,16,False,False,True,True,True
run_b_neo_excute_#11_20260626T120149KST,17,False,False,True,True,True
run_b_neo_excute_#11_20260626T120149KST,18,False,False,True,True,True
run_b_neo_excute_#11_20260626T120149KST,19,False,False,True,True,True
run_b_neo_excute_#11_20260626T120149KST,20,True,True,True,True,True
run_b_neo_excute_#11_20260626T120149KST,21,False,False,True,True,True
run_b_neo_excute_#11_20260626T120149KST,22,False,False,True,True,True
run_b_neo_excute_#11_20260626T120149KST,23,False,False,True,True,True
run_b_neo_excute_#11_20260626T120149KST,24,False,False,True,True,True
run_b_neo_excute_#11_20260626T120149KST,25,True,True,True,True,True
run_b_neo_excute_#11_20260626T120149KST,26,False,False,True,True,True
run_b_neo_excute_#11_20260626T120149KST,27,False,False,True,True,True
run_b_neo_excute_#11_20260626T120149KST,28,False,False,True,True,True
run_b_neo_excute_#11_20260626T120149KST,29,False,False,True,True,True
run_b_neo_excute_#11_20260626T120149KST,30,False,False,True,True,True
run_b_neo_excute_#12_20260626T122209KST,1,False,False,True,True,True
run_b_neo_excute_#12_20260626T122209KST,2,False,False,True,True,True
run_b_neo_excute_#12_20260626T122209KST,3,False,False,True,True,True
run_b_neo_excute_#12_20260626T122209KST,4,False,False,True,True,True
run_b_neo_excute_#12_20260626T122209KST,5,False,False,True,True,True
run_b_neo_excute_#12_20260626T122209KST,6,False,False,True,True,True
run_b_neo_excute_#12_20260626T122209KST,7,False,False,True,True,True
run_b_neo_excute_#12_20260626T122209KST,8,True,True,True,True,True
run_b_neo_excute_#12_20260626T122209KST,9,False,False,True,True,True
run_b_neo_excute_#12_20260626T122209KST,10,False,False,True,True,True
run_b_neo_excute_#12_20260626T122209KST,11,False,False,True,True,True
run_b_neo_excute_#12_20260626T122209KST,12,False,False,True,True,True
run_b_neo_excute_#12_20260626T122209KST,13,False,False,True,True,True
run_b_neo_excute_#12_20260626T122209KST,14,False,False,True,True,True
run_b_neo_excute_#12_20260626T122209KST,15,False,False,True,True,True
run_b_neo_excute_#12_20260626T122209KST,16,False,False,True,True,True
run_b_neo_excute_#12_20260626T122209KST,17,False,False,True,True,True
run_b_neo_excute_#12_20260626T122209KST,18,False,False,True,True,True
run_b_neo_excute_#12_20260626T122209KST,19,False,False,True,True,True
run_b_neo_excute_#12_20260626T122209KST,20,True,True,True,True,True
run_b_neo_excute_#12_20260626T122209KST,21,False,False,True,True,True
run_b_neo_excute_#12_20260626T122209KST,22,False,False,True,True,True
run_b_neo_excute_#12_20260626T122209KST,23,False,False,True,True,True
run_b_neo_excute_#12_20260626T122209KST,24,False,False,True,True,True
run_b_neo_excute_#12_20260626T122209KST,25,True,True,True,True,True
run_b_neo_excute_#12_20260626T122209KST,26,False,False,True,True,True
run_b_neo_excute_#12_20260626T122209KST,27,False,False,True,True,True
run_b_neo_excute_#12_20260626T122209KST,28,False,False,True,True,True
run_b_neo_excute_#12_20260626T122209KST,29,False,False,True,True,True
run_b_neo_excute_#12_20260626T122209KST,30,False,False,True,True,True
run_b_neo_excute_#13_20260626T124229KST,1,False,False,True,True,True
run_b_neo_excute_#13_20260626T124229KST,2,False,False,True,True,True
run_b_neo_excute_#13_20260626T124229KST,3,False,False,True,True,True
run_b_neo_excute_#13_20260626T124229KST,4,False,False,True,True,True
run_b_neo_excute_#13_20260626T124229KST,5,False,False,True,True,True
run_b_neo_excute_#13_20260626T124229KST,6,False,False,True,True,True
run_b_neo_excute_#13_20260626T124229KST,7,False,False,True,True,True
run_b_neo_excute_#13_20260626T124229KST,8,True,True,True,True,True
run_b_neo_excute_#13_20260626T124229KST,9,False,False,True,True,True
run_b_neo_excute_#13_20260626T124229KST,10,False,False,True,True,True
run_b_neo_excute_#13_20260626T124229KST,11,False,False,True,True,True
run_b_neo_excute_#13_20260626T124229KST,12,False,False,True,True,True
run_b_neo_excute_#13_20260626T124229KST,13,False,False,True,True,True
run_b_neo_excute_#13_20260626T124229KST,14,False,False,True,True,True
run_b_neo_excute_#13_20260626T124229KST,15,False,False,True,True,True
run_b_neo_excute_#13_20260626T124229KST,16,False,False,True,True,True
run_b_neo_excute_#13_20260626T124229KST,17,False,False,True,True,True
run_b_neo_excute_#13_20260626T124229KST,18,False,False,True,True,True
run_b_neo_excute_#13_20260626T124229KST,19,False,False,True,True,True
run_b_neo_excute_#13_20260626T124229KST,20,True,True,True,True,True
run_b_neo_excute_#13_20260626T124229KST,21,False,False,True,True,True
run_b_neo_excute_#13_20260626T124229KST,22,False,False,True,True,True
run_b_neo_excute_#13_20260626T124229KST,23,False,False,True,True,True
run_b_neo_excute_#13_20260626T124229KST,24,False,False,True,True,True
run_b_neo_excute_#13_20260626T124229KST,25,True,True,True,True,True
run_b_neo_excute_#13_20260626T124229KST,26,False,False,True,True,True
run_b_neo_excute_#13_20260626T124229KST,27,False,False,True,True,True
run_b_neo_excute_#13_20260626T124229KST,28,False,False,True,True,True
run_b_neo_excute_#13_20260626T124229KST,29,False,False,True,True,True
run_b_neo_excute_#13_20260626T124229KST,30,False,False,True,True,True
run_b_neo_excute_#14_20260626T130252KST,1,False,False,True,True,True
run_b_neo_excute_#14_20260626T130252KST,2,False,False,True,True,True
run_b_neo_excute_#14_20260626T130252KST,3,False,False,True,True,True
run_b_neo_excute_#14_20260626T130252KST,4,False,False,True,True,True
run_b_neo_excute_#14_20260626T130252KST,5,False,False,True,True,True
run_b_neo_excute_#14_20260626T130252KST,6,False,False,True,True,True
run_b_neo_excute_#14_20260626T130252KST,7,False,False,True,True,True
run_b_neo_excute_#14_20260626T130252KST,8,True,True,True,True,True
run_b_neo_excute_#14_20260626T130252KST,9,False,False,True,True,True
run_b_neo_excute_#14_20260626T130252KST,10,False,False,True,True,True
run_b_neo_excute_#14_20260626T130252KST,11,False,False,True,True,True
run_b_neo_excute_#14_20260626T130252KST,12,False,False,True,True,True
run_b_neo_excute_#14_20260626T130252KST,13,False,False,True,True,True
run_b_neo_excute_#14_20260626T130252KST,14,False,False,True,True,True
run_b_neo_excute_#14_20260626T130252KST,15,False,False,True,True,True
run_b_neo_excute_#14_20260626T130252KST,16,False,False,True,True,True
run_b_neo_excute_#14_20260626T130252KST,17,False,False,True,True,True
run_b_neo_excute_#14_20260626T130252KST,18,False,False,True,True,True
run_b_neo_excute_#14_20260626T130252KST,19,False,False,True,True,True
run_b_neo_excute_#14_20260626T130252KST,20,True,True,True,True,True
run_b_neo_excute_#14_20260626T130252KST,21,False,False,True,True,True
run_b_neo_excute_#14_20260626T130252KST,22,False,False,True,True,True
run_b_neo_excute_#14_20260626T130252KST,23,False,False,True,True,True
run_b_neo_excute_#14_20260626T130252KST,24,False,False,True,True,True
run_b_neo_excute_#14_20260626T130252KST,25,True,True,True,True,True
run_b_neo_excute_#14_20260626T130252KST,26,False,False,True,True,True
run_b_neo_excute_#14_20260626T130252KST,27,False,False,True,True,True
run_b_neo_excute_#14_20260626T130252KST,28,False,False,True,True,True
run_b_neo_excute_#14_20260626T130252KST,29,False,False,True,True,True
run_b_neo_excute_#14_20260626T130252KST,30,False,False,True,True,True
run_b_neo_excute_#15_20260626T132313KST,1,False,False,True,True,True
run_b_neo_excute_#15_20260626T132313KST,2,False,False,True,True,True
run_b_neo_excute_#15_20260626T132313KST,3,False,False,True,True,True
run_b_neo_excute_#15_20260626T132313KST,4,False,False,True,True,True
run_b_neo_excute_#15_20260626T132313KST,5,False,False,True,True,True
run_b_neo_excute_#15_20260626T132313KST,6,False,False,True,True,True
run_b_neo_excute_#15_20260626T132313KST,7,False,False,True,True,True
run_b_neo_excute_#15_20260626T132313KST,8,True,True,True,True,True
run_b_neo_excute_#15_20260626T132313KST,9,False,False,True,True,True
run_b_neo_excute_#15_20260626T132313KST,10,False,False,True,True,True
run_b_neo_excute_#15_20260626T132313KST,11,False,False,True,True,True
run_b_neo_excute_#15_20260626T132313KST,12,False,False,True,True,True
run_b_neo_excute_#15_20260626T132313KST,13,False,False,True,True,True
run_b_neo_excute_#15_20260626T132313KST,14,False,False,True,True,True
run_b_neo_excute_#15_20260626T132313KST,15,False,False,True,True,True
run_b_neo_excute_#15_20260626T132313KST,16,False,False,True,True,True
run_b_neo_excute_#15_20260626T132313KST,17,False,False,True,True,True
run_b_neo_excute_#15_20260626T132313KST,18,False,False,True,True,True
run_b_neo_excute_#15_20260626T132313KST,19,False,False,True,True,True
run_b_neo_excute_#15_20260626T132313KST,20,True,True,True,True,True
run_b_neo_excute_#15_20260626T132313KST,21,False,False,True,True,True
run_b_neo_excute_#15_20260626T132313KST,22,False,False,True,True,True
run_b_neo_excute_#15_20260626T132313KST,23,False,False,True,True,True
run_b_neo_excute_#15_20260626T132313KST,24,False,False,True,True,True
run_b_neo_excute_#15_20260626T132313KST,25,True,True,True,True,True
run_b_neo_excute_#15_20260626T132313KST,26,False,False,True,True,True
run_b_neo_excute_#15_20260626T132313KST,27,False,False,True,True,True
run_b_neo_excute_#15_20260626T132313KST,28,False,False,True,True,True
run_b_neo_excute_#15_20260626T132313KST,29,False,False,True,True,True
run_b_neo_excute_#15_20260626T132313KST,30,False,False,True,True,True
run_b_neo_excute_#16_20260626T140223KST,1,False,False,True,True,True
run_b_neo_excute_#16_20260626T140223KST,2,False,False,True,True,True
run_b_neo_excute_#16_20260626T140223KST,3,False,False,True,True,True
run_b_neo_excute_#16_20260626T140223KST,4,False,False,True,True,True
run_b_neo_excute_#16_20260626T140223KST,5,False,False,True,True,True
run_b_neo_excute_#16_20260626T140223KST,6,False,False,True,True,True
run_b_neo_excute_#16_20260626T140223KST,7,False,False,True,True,True
run_b_neo_excute_#16_20260626T140223KST,8,True,True,True,True,True
run_b_neo_excute_#16_20260626T140223KST,9,False,False,True,True,True
run_b_neo_excute_#16_20260626T140223KST,10,False,False,True,True,True
run_b_neo_excute_#16_20260626T140223KST,11,False,False,True,True,True
run_b_neo_excute_#16_20260626T140223KST,12,False,False,True,True,True
run_b_neo_excute_#16_20260626T140223KST,13,False,False,True,True,True
run_b_neo_excute_#16_20260626T140223KST,14,False,False,True,True,True
run_b_neo_excute_#16_20260626T140223KST,15,False,False,True,True,True
run_b_neo_excute_#16_20260626T140223KST,16,False,False,True,True,True
run_b_neo_excute_#16_20260626T140223KST,17,False,False,True,True,True
run_b_neo_excute_#16_20260626T140223KST,18,False,False,True,True,True
run_b_neo_excute_#16_20260626T140223KST,19,False,False,True,True,True
run_b_neo_excute_#16_20260626T140223KST,20,True,True,True,True,True
run_b_neo_excute_#16_20260626T140223KST,21,False,False,True,True,True
run_b_neo_excute_#16_20260626T140223KST,22,False,False,True,True,True
run_b_neo_excute_#16_20260626T140223KST,23,False,False,True,True,True
run_b_neo_excute_#16_20260626T140223KST,24,False,False,True,True,True
run_b_neo_excute_#16_20260626T140223KST,25,True,True,True,True,True
run_b_neo_excute_#16_20260626T140223KST,26,False,False,True,True,True
run_b_neo_excute_#16_20260626T140223KST,27,False,False,True,True,True
run_b_neo_excute_#16_20260626T140223KST,28,False,False,True,True,True
run_b_neo_excute_#16_20260626T140223KST,29,False,False,True,True,True
run_b_neo_excute_#16_20260626T140223KST,30,False,False,True,True,True
run_b_neo_excute_#17_20260626T142245KST,1,False,False,True,True,True
run_b_neo_excute_#17_20260626T142245KST,2,False,False,True,True,True
run_b_neo_excute_#17_20260626T142245KST,3,False,False,True,True,True
run_b_neo_excute_#17_20260626T142245KST,4,False,False,True,True,True
run_b_neo_excute_#17_20260626T142245KST,5,False,False,True,True,True
run_b_neo_excute_#17_20260626T142245KST,6,False,False,True,True,True
run_b_neo_excute_#17_20260626T142245KST,7,False,False,True,True,True
run_b_neo_excute_#17_20260626T142245KST,8,True,True,True,True,True
run_b_neo_excute_#17_20260626T142245KST,9,False,False,True,True,True
run_b_neo_excute_#17_20260626T142245KST,10,False,False,True,True,True
run_b_neo_excute_#17_20260626T142245KST,11,False,False,True,True,True
run_b_neo_excute_#17_20260626T142245KST,12,False,False,True,True,True
run_b_neo_excute_#17_20260626T142245KST,13,False,False,True,True,True
run_b_neo_excute_#17_20260626T142245KST,14,False,False,True,True,True
run_b_neo_excute_#17_20260626T142245KST,15,False,False,True,True,True
run_b_neo_excute_#17_20260626T142245KST,16,False,False,True,True,True
run_b_neo_excute_#17_20260626T142245KST,17,False,False,True,True,True
run_b_neo_excute_#17_20260626T142245KST,18,False,False,True,True,True
run_b_neo_excute_#17_20260626T142245KST,19,False,False,True,True,True
run_b_neo_excute_#17_20260626T142245KST,20,True,True,True,True,True
run_b_neo_excute_#17_20260626T142245KST,21,False,False,True,True,True
run_b_neo_excute_#17_20260626T142245KST,22,False,False,True,True,True
run_b_neo_excute_#17_20260626T142245KST,23,False,False,True,True,True
run_b_neo_excute_#17_20260626T142245KST,24,False,False,True,True,True
run_b_neo_excute_#17_20260626T142245KST,25,True,True,True,True,True
run_b_neo_excute_#17_20260626T142245KST,26,False,False,True,True,True
run_b_neo_excute_#17_20260626T142245KST,27,False,False,True,True,True
run_b_neo_excute_#17_20260626T142245KST,28,False,False,True,True,True
run_b_neo_excute_#17_20260626T142245KST,29,False,False,True,True,True
run_b_neo_excute_#17_20260626T142245KST,30,False,False,True,True,True
run_b_neo_excute_#18_20260626T144308KST,1,False,False,True,True,True
run_b_neo_excute_#18_20260626T144308KST,2,False,False,True,True,True
run_b_neo_excute_#18_20260626T144308KST,3,False,False,True,True,True
run_b_neo_excute_#18_20260626T144308KST,4,False,False,True,True,True
run_b_neo_excute_#18_20260626T144308KST,5,False,False,True,True,True
run_b_neo_excute_#18_20260626T144308KST,6,False,False,True,True,True
run_b_neo_excute_#18_20260626T144308KST,7,False,False,True,True,True
run_b_neo_excute_#18_20260626T144308KST,8,True,True,True,True,True
run_b_neo_excute_#18_20260626T144308KST,9,False,False,True,True,True
run_b_neo_excute_#18_20260626T144308KST,10,False,False,True,True,True
run_b_neo_excute_#18_20260626T144308KST,11,False,False,True,True,True
run_b_neo_excute_#18_20260626T144308KST,12,False,False,True,True,True
run_b_neo_excute_#18_20260626T144308KST,13,False,False,True,True,True
run_b_neo_excute_#18_20260626T144308KST,14,False,False,True,True,True
run_b_neo_excute_#18_20260626T144308KST,15,False,False,True,True,True
run_b_neo_excute_#18_20260626T144308KST,16,False,False,True,True,True
run_b_neo_excute_#18_20260626T144308KST,17,False,False,True,True,True
run_b_neo_excute_#18_20260626T144308KST,18,False,False,True,True,True
run_b_neo_excute_#18_20260626T144308KST,19,False,False,True,True,True
run_b_neo_excute_#18_20260626T144308KST,20,True,True,True,True,True
run_b_neo_excute_#18_20260626T144308KST,21,False,False,True,True,True
run_b_neo_excute_#18_20260626T144308KST,22,False,False,True,True,True
run_b_neo_excute_#18_20260626T144308KST,23,False,False,True,True,True
run_b_neo_excute_#18_20260626T144308KST,24,False,False,True,True,True
run_b_neo_excute_#18_20260626T144308KST,25,True,True,True,True,True
run_b_neo_excute_#18_20260626T144308KST,26,False,False,True,True,True
run_b_neo_excute_#18_20260626T144308KST,27,False,False,True,True,True
run_b_neo_excute_#18_20260626T144308KST,28,False,False,True,True,True
run_b_neo_excute_#18_20260626T144308KST,29,False,False,True,True,True
run_b_neo_excute_#18_20260626T144308KST,30,False,False,True,True,True
run_b_neo_excute_#19_20260626T150331KST,1,False,False,True,True,True
run_b_neo_excute_#19_20260626T150331KST,2,False,False,True,True,True
run_b_neo_excute_#19_20260626T150331KST,3,False,False,True,True,True
run_b_neo_excute_#19_20260626T150331KST,4,False,False,True,True,True
run_b_neo_excute_#19_20260626T150331KST,5,False,False,True,True,True
run_b_neo_excute_#19_20260626T150331KST,6,False,False,True,True,True
run_b_neo_excute_#19_20260626T150331KST,7,False,False,True,True,True
run_b_neo_excute_#19_20260626T150331KST,8,True,True,True,True,True
run_b_neo_excute_#19_20260626T150331KST,9,False,False,True,True,True
run_b_neo_excute_#19_20260626T150331KST,10,False,False,True,True,True
run_b_neo_excute_#19_20260626T150331KST,11,False,False,True,True,True
run_b_neo_excute_#19_20260626T150331KST,12,False,False,True,True,True
run_b_neo_excute_#19_20260626T150331KST,13,False,False,True,True,True
run_b_neo_excute_#19_20260626T150331KST,14,False,False,True,True,True
run_b_neo_excute_#19_20260626T150331KST,15,False,False,True,True,True
run_b_neo_excute_#19_20260626T150331KST,16,False,False,True,True,True
run_b_neo_excute_#19_20260626T150331KST,17,False,False,True,True,True
run_b_neo_excute_#19_20260626T150331KST,18,False,False,True,True,True
run_b_neo_excute_#19_20260626T150331KST,19,False,False,True,True,True
run_b_neo_excute_#19_20260626T150331KST,20,True,True,True,True,True
run_b_neo_excute_#19_20260626T150331KST,21,False,False,True,True,True
run_b_neo_excute_#19_20260626T150331KST,22,False,False,True,True,True
run_b_neo_excute_#19_20260626T150331KST,23,False,False,True,True,True
run_b_neo_excute_#19_20260626T150331KST,24,False,False,True,True,True
run_b_neo_excute_#19_20260626T150331KST,25,True,True,True,True,True
run_b_neo_excute_#19_20260626T150331KST,26,False,False,True,True,True
run_b_neo_excute_#19_20260626T150331KST,27,False,False,True,True,True
run_b_neo_excute_#19_20260626T150331KST,28,False,False,True,True,True
run_b_neo_excute_#19_20260626T150331KST,29,False,False,True,True,True
run_b_neo_excute_#19_20260626T150331KST,30,False,False,True,True,True
run_b_neo_excute_#20_20260626T152354KST,1,False,False,True,True,True
run_b_neo_excute_#20_20260626T152354KST,2,False,False,True,True,True
run_b_neo_excute_#20_20260626T152354KST,3,False,False,True,True,True
run_b_neo_excute_#20_20260626T152354KST,4,False,False,True,True,True
run_b_neo_excute_#20_20260626T152354KST,5,False,False,True,True,True
run_b_neo_excute_#20_20260626T152354KST,6,False,False,True,True,True
run_b_neo_excute_#20_20260626T152354KST,7,False,False,True,True,True
run_b_neo_excute_#20_20260626T152354KST,8,True,True,True,True,True
run_b_neo_excute_#20_20260626T152354KST,9,False,False,True,True,True
run_b_neo_excute_#20_20260626T152354KST,10,False,False,True,True,True
run_b_neo_excute_#20_20260626T152354KST,11,False,False,True,True,True
run_b_neo_excute_#20_20260626T152354KST,12,False,False,True,True,True
run_b_neo_excute_#20_20260626T152354KST,13,False,False,True,True,True
run_b_neo_excute_#20_20260626T152354KST,14,False,False,True,True,True
run_b_neo_excute_#20_20260626T152354KST,15,False,False,True,True,True
run_b_neo_excute_#20_20260626T152354KST,16,False,False,True,True,True
run_b_neo_excute_#20_20260626T152354KST,17,False,False,True,True,True
run_b_neo_excute_#20_20260626T152354KST,18,False,False,True,True,True
run_b_neo_excute_#20_20260626T152354KST,19,False,False,True,True,True
run_b_neo_excute_#20_20260626T152354KST,20,True,True,True,True,True
run_b_neo_excute_#20_20260626T152354KST,21,False,False,True,True,True
run_b_neo_excute_#20_20260626T152354KST,22,False,False,True,True,True
run_b_neo_excute_#20_20260626T152354KST,23,False,False,True,True,True
run_b_neo_excute_#20_20260626T152354KST,24,False,False,True,True,True
run_b_neo_excute_#20_20260626T152354KST,25,True,True,True,True,True
run_b_neo_excute_#20_20260626T152354KST,26,False,False,True,True,True
run_b_neo_excute_#20_20260626T152354KST,27,False,False,True,True,True
run_b_neo_excute_#20_20260626T152354KST,28,False,False,True,True,True
run_b_neo_excute_#20_20260626T152354KST,29,False,False,True,True,True
run_b_neo_excute_#20_20260626T152354KST,30,False,False,True,True,True
run_b_neo_excute_#21_20260626T162628KST,1,False,False,True,True,True
run_b_neo_excute_#21_20260626T162628KST,2,False,False,True,True,True
run_b_neo_excute_#21_20260626T162628KST,3,False,False,True,True,True
run_b_neo_excute_#21_20260626T162628KST,4,False,False,True,True,True
run_b_neo_excute_#21_20260626T162628KST,5,False,False,True,True,True
run_b_neo_excute_#21_20260626T162628KST,6,False,False,True,True,True
run_b_neo_excute_#21_20260626T162628KST,7,False,False,True,True,True
run_b_neo_excute_#21_20260626T162628KST,8,True,True,True,True,True
run_b_neo_excute_#21_20260626T162628KST,9,False,False,True,True,True
run_b_neo_excute_#21_20260626T162628KST,10,False,False,True,True,True
run_b_neo_excute_#21_20260626T162628KST,11,False,False,True,True,True
run_b_neo_excute_#21_20260626T162628KST,12,False,False,True,True,True
run_b_neo_excute_#21_20260626T162628KST,13,False,False,True,True,True
run_b_neo_excute_#21_20260626T162628KST,14,False,False,True,True,True
run_b_neo_excute_#21_20260626T162628KST,15,False,False,True,True,True
run_b_neo_excute_#21_20260626T162628KST,16,False,False,True,True,True
run_b_neo_excute_#21_20260626T162628KST,17,False,False,True,True,True
run_b_neo_excute_#21_20260626T162628KST,18,False,False,True,True,True
run_b_neo_excute_#21_20260626T162628KST,19,False,False,True,True,True
run_b_neo_excute_#21_20260626T162628KST,20,True,True,True,True,True
run_b_neo_excute_#21_20260626T162628KST,21,False,False,True,True,True
run_b_neo_excute_#21_20260626T162628KST,22,False,False,True,True,True
run_b_neo_excute_#21_20260626T162628KST,23,False,False,True,True,True
run_b_neo_excute_#21_20260626T162628KST,24,False,False,True,True,True
run_b_neo_excute_#21_20260626T162628KST,25,True,True,True,True,True
run_b_neo_excute_#21_20260626T162628KST,26,False,False,True,True,True
run_b_neo_excute_#21_20260626T162628KST,27,False,False,True,True,True
run_b_neo_excute_#21_20260626T162628KST,28,False,False,True,True,True
run_b_neo_excute_#21_20260626T162628KST,29,False,False,True,True,True
run_b_neo_excute_#21_20260626T162628KST,30,False,False,True,True,True
run_b_neo_excute_#22_20260626T164651KST,1,False,False,True,True,True
run_b_neo_excute_#22_20260626T164651KST,2,False,False,True,True,True
run_b_neo_excute_#22_20260626T164651KST,3,False,False,True,True,True
run_b_neo_excute_#22_20260626T164651KST,4,False,False,True,True,True
run_b_neo_excute_#22_20260626T164651KST,5,False,False,True,True,True
run_b_neo_excute_#22_20260626T164651KST,6,False,False,True,True,True
run_b_neo_excute_#22_20260626T164651KST,7,False,False,True,True,True
run_b_neo_excute_#22_20260626T164651KST,8,True,True,True,True,True
run_b_neo_excute_#22_20260626T164651KST,9,False,False,True,True,True
run_b_neo_excute_#22_20260626T164651KST,10,False,False,True,True,True
run_b_neo_excute_#22_20260626T164651KST,11,False,False,True,True,True
run_b_neo_excute_#22_20260626T164651KST,12,False,False,True,True,True
run_b_neo_excute_#22_20260626T164651KST,13,False,False,True,True,True
run_b_neo_excute_#22_20260626T164651KST,14,False,False,True,True,True
run_b_neo_excute_#22_20260626T164651KST,15,False,False,True,True,True
run_b_neo_excute_#22_20260626T164651KST,16,False,False,True,True,True
run_b_neo_excute_#22_20260626T164651KST,17,False,False,True,True,True
run_b_neo_excute_#22_20260626T164651KST,18,False,False,True,True,True
run_b_neo_excute_#22_20260626T164651KST,19,False,False,True,True,True
run_b_neo_excute_#22_20260626T164651KST,20,True,True,True,True,True
run_b_neo_excute_#22_20260626T164651KST,21,False,False,True,True,True
run_b_neo_excute_#22_20260626T164651KST,22,False,False,True,True,True
run_b_neo_excute_#22_20260626T164651KST,23,False,False,True,True,True
run_b_neo_excute_#22_20260626T164651KST,24,False,False,True,True,True
run_b_neo_excute_#22_20260626T164651KST,25,True,True,True,True,True
run_b_neo_excute_#22_20260626T164651KST,26,False,False,True,True,True
run_b_neo_excute_#22_20260626T164651KST,27,False,False,True,True,True
run_b_neo_excute_#22_20260626T164651KST,28,False,False,True,True,True
run_b_neo_excute_#22_20260626T164651KST,29,False,False,True,True,True
run_b_neo_excute_#22_20260626T164651KST,30,False,False,True,True,True
run_b_neo_excute_#23_20260626T170715KST,1,False,False,True,True,True
run_b_neo_excute_#23_20260626T170715KST,2,False,False,True,True,True
run_b_neo_excute_#23_20260626T170715KST,3,False,False,True,True,True
run_b_neo_excute_#23_20260626T170715KST,4,False,False,True,True,True
run_b_neo_excute_#23_20260626T170715KST,5,False,False,True,True,True
run_b_neo_excute_#23_20260626T170715KST,6,False,False,True,True,True
run_b_neo_excute_#23_20260626T170715KST,7,False,False,True,True,True
run_b_neo_excute_#23_20260626T170715KST,8,True,True,True,True,True
run_b_neo_excute_#23_20260626T170715KST,9,False,False,True,True,True
run_b_neo_excute_#23_20260626T170715KST,10,False,False,True,True,True
run_b_neo_excute_#23_20260626T170715KST,11,False,False,True,True,True
run_b_neo_excute_#23_20260626T170715KST,12,False,False,True,True,True
run_b_neo_excute_#23_20260626T170715KST,13,False,False,True,True,True
run_b_neo_excute_#23_20260626T170715KST,14,False,False,True,True,True
run_b_neo_excute_#23_20260626T170715KST,15,False,False,True,True,True
run_b_neo_excute_#23_20260626T170715KST,16,False,False,True,True,True
run_b_neo_excute_#23_20260626T170715KST,17,False,False,True,True,True
run_b_neo_excute_#23_20260626T170715KST,18,False,False,True,True,True
run_b_neo_excute_#23_20260626T170715KST,19,False,False,True,True,True
run_b_neo_excute_#23_20260626T170715KST,20,True,True,True,True,True
run_b_neo_excute_#23_20260626T170715KST,21,False,False,True,True,True
run_b_neo_excute_#23_20260626T170715KST,22,False,False,True,True,True
run_b_neo_excute_#23_20260626T170715KST,23,False,False,True,True,True
run_b_neo_excute_#23_20260626T170715KST,24,False,False,True,True,True
run_b_neo_excute_#23_20260626T170715KST,25,True,True,True,True,True
run_b_neo_excute_#23_20260626T170715KST,26,False,False,True,True,True
run_b_neo_excute_#23_20260626T170715KST,27,False,False,True,True,True
run_b_neo_excute_#23_20260626T170715KST,28,False,False,True,True,True
run_b_neo_excute_#23_20260626T170715KST,29,False,False,True,True,True
run_b_neo_excute_#23_20260626T170715KST,30,False,False,True,True,True
run_b_neo_excute_#24_20260626T172740KST,1,False,False,True,True,True
run_b_neo_excute_#24_20260626T172740KST,2,False,False,True,True,True
run_b_neo_excute_#24_20260626T172740KST,3,False,False,True,True,True
run_b_neo_excute_#24_20260626T172740KST,4,False,False,True,True,True
run_b_neo_excute_#24_20260626T172740KST,5,False,False,True,True,True
run_b_neo_excute_#24_20260626T172740KST,6,False,False,True,True,True
run_b_neo_excute_#24_20260626T172740KST,7,False,False,True,True,True
run_b_neo_excute_#24_20260626T172740KST,8,True,True,True,True,True
run_b_neo_excute_#24_20260626T172740KST,9,False,False,True,True,True
run_b_neo_excute_#24_20260626T172740KST,10,False,False,True,True,True
run_b_neo_excute_#24_20260626T172740KST,11,False,False,True,True,True
run_b_neo_excute_#24_20260626T172740KST,12,False,False,True,True,True
run_b_neo_excute_#24_20260626T172740KST,13,False,False,True,True,True
run_b_neo_excute_#24_20260626T172740KST,14,False,False,True,True,True
run_b_neo_excute_#24_20260626T172740KST,15,False,False,True,True,True
run_b_neo_excute_#24_20260626T172740KST,16,False,False,True,True,True
run_b_neo_excute_#24_20260626T172740KST,17,False,False,True,True,True
run_b_neo_excute_#24_20260626T172740KST,18,False,False,True,True,True
run_b_neo_excute_#24_20260626T172740KST,19,False,False,True,True,True
run_b_neo_excute_#24_20260626T172740KST,20,True,True,True,True,True
run_b_neo_excute_#24_20260626T172740KST,21,False,False,True,True,True
run_b_neo_excute_#24_20260626T172740KST,22,False,False,True,True,True
run_b_neo_excute_#24_20260626T172740KST,23,False,False,True,True,True
run_b_neo_excute_#24_20260626T172740KST,24,False,False,True,True,True
run_b_neo_excute_#24_20260626T172740KST,25,True,True,True,True,True
run_b_neo_excute_#24_20260626T172740KST,26,False,False,True,True,True
run_b_neo_excute_#24_20260626T172740KST,27,False,False,True,True,True
run_b_neo_excute_#24_20260626T172740KST,28,False,False,True,True,True
run_b_neo_excute_#24_20260626T172740KST,29,False,False,True,True,True
run_b_neo_excute_#24_20260626T172740KST,30,False,False,True,True,True
run_b_neo_excute_#25_20260626T174804KST,1,False,False,True,True,True
run_b_neo_excute_#25_20260626T174804KST,2,False,False,True,True,True
run_b_neo_excute_#25_20260626T174804KST,3,False,False,True,True,True
run_b_neo_excute_#25_20260626T174804KST,4,False,False,True,True,True
run_b_neo_excute_#25_20260626T174804KST,5,False,False,True,True,True
run_b_neo_excute_#25_20260626T174804KST,6,False,False,True,True,True
run_b_neo_excute_#25_20260626T174804KST,7,False,False,True,True,True
run_b_neo_excute_#25_20260626T174804KST,8,True,True,True,True,True
run_b_neo_excute_#25_20260626T174804KST,9,False,False,True,True,True
run_b_neo_excute_#25_20260626T174804KST,10,False,False,True,True,True
run_b_neo_excute_#25_20260626T174804KST,11,False,False,True,True,True
run_b_neo_excute_#25_20260626T174804KST,12,False,False,True,True,True
run_b_neo_excute_#25_20260626T174804KST,13,False,False,True,True,True
run_b_neo_excute_#25_20260626T174804KST,14,False,False,True,True,True
run_b_neo_excute_#25_20260626T174804KST,15,False,False,True,True,True
run_b_neo_excute_#25_20260626T174804KST,16,False,False,True,True,True
run_b_neo_excute_#25_20260626T174804KST,17,False,False,True,True,True
run_b_neo_excute_#25_20260626T174804KST,18,False,False,True,True,True
run_b_neo_excute_#25_20260626T174804KST,19,False,False,True,True,True
run_b_neo_excute_#25_20260626T174804KST,20,True,True,True,True,True
run_b_neo_excute_#25_20260626T174804KST,21,False,False,True,True,True
run_b_neo_excute_#25_20260626T174804KST,22,False,False,True,True,True
run_b_neo_excute_#25_20260626T174804KST,23,False,False,True,True,True
run_b_neo_excute_#25_20260626T174804KST,24,False,False,True,True,True
run_b_neo_excute_#25_20260626T174804KST,25,True,True,True,True,True
run_b_neo_excute_#25_20260626T174804KST,26,False,False,True,True,True
run_b_neo_excute_#25_20260626T174804KST,27,False,False,True,True,True
run_b_neo_excute_#25_20260626T174804KST,28,False,False,True,True,True
run_b_neo_excute_#25_20260626T174804KST,29,False,False,True,True,True
run_b_neo_excute_#25_20260626T174804KST,30,False,False,True,True,True
run_b_neo_excute_#26_20260626T183031KST,1,False,False,True,True,True
run_b_neo_excute_#26_20260626T183031KST,2,False,False,True,True,True
run_b_neo_excute_#26_20260626T183031KST,3,False,False,True,True,True
run_b_neo_excute_#26_20260626T183031KST,4,False,False,True,True,True
run_b_neo_excute_#26_20260626T183031KST,5,False,False,True,True,True
run_b_neo_excute_#26_20260626T183031KST,6,False,False,True,True,True
run_b_neo_excute_#26_20260626T183031KST,7,False,False,True,True,True
run_b_neo_excute_#26_20260626T183031KST,8,True,True,True,True,True
run_b_neo_excute_#26_20260626T183031KST,9,False,False,True,True,True
run_b_neo_excute_#26_20260626T183031KST,10,False,False,True,True,True
run_b_neo_excute_#26_20260626T183031KST,11,False,False,True,True,True
run_b_neo_excute_#26_20260626T183031KST,12,False,False,True,True,True
run_b_neo_excute_#26_20260626T183031KST,13,False,False,True,True,True
run_b_neo_excute_#26_20260626T183031KST,14,False,False,True,True,True
run_b_neo_excute_#26_20260626T183031KST,15,False,False,True,True,True
run_b_neo_excute_#26_20260626T183031KST,16,False,False,True,True,True
run_b_neo_excute_#26_20260626T183031KST,17,False,False,True,True,True
run_b_neo_excute_#26_20260626T183031KST,18,False,False,True,True,True
run_b_neo_excute_#26_20260626T183031KST,19,False,False,True,True,True
run_b_neo_excute_#26_20260626T183031KST,20,True,True,True,True,True
run_b_neo_excute_#26_20260626T183031KST,21,False,False,True,True,True
run_b_neo_excute_#26_20260626T183031KST,22,False,False,True,True,True
run_b_neo_excute_#26_20260626T183031KST,23,False,False,True,True,True
run_b_neo_excute_#26_20260626T183031KST,24,False,False,True,True,True
run_b_neo_excute_#26_20260626T183031KST,25,True,True,True,True,True
run_b_neo_excute_#26_20260626T183031KST,26,False,False,True,True,True
run_b_neo_excute_#26_20260626T183031KST,27,False,False,True,True,True
run_b_neo_excute_#26_20260626T183031KST,28,False,False,True,True,True
run_b_neo_excute_#26_20260626T183031KST,29,False,False,True,True,True
run_b_neo_excute_#26_20260626T183031KST,30,False,False,True,True,True
run_b_neo_excute_#27_20260626T185055KST,1,False,False,True,True,True
run_b_neo_excute_#27_20260626T185055KST,2,False,False,True,True,True
run_b_neo_excute_#27_20260626T185055KST,3,False,False,True,True,True
run_b_neo_excute_#27_20260626T185055KST,4,False,False,True,True,True
run_b_neo_excute_#27_20260626T185055KST,5,False,False,True,True,True
run_b_neo_excute_#27_20260626T185055KST,6,False,False,True,True,True
run_b_neo_excute_#27_20260626T185055KST,7,False,False,True,True,True
run_b_neo_excute_#27_20260626T185055KST,8,True,True,True,True,True
run_b_neo_excute_#27_20260626T185055KST,9,False,False,True,True,True
run_b_neo_excute_#27_20260626T185055KST,10,False,False,True,True,True
run_b_neo_excute_#27_20260626T185055KST,11,False,False,True,True,True
run_b_neo_excute_#27_20260626T185055KST,12,False,False,True,True,True
run_b_neo_excute_#27_20260626T185055KST,13,False,False,True,True,True
run_b_neo_excute_#27_20260626T185055KST,14,False,False,True,True,True
run_b_neo_excute_#27_20260626T185055KST,15,False,False,True,True,True
run_b_neo_excute_#27_20260626T185055KST,16,False,False,True,True,True
run_b_neo_excute_#27_20260626T185055KST,17,False,False,True,True,True
run_b_neo_excute_#27_20260626T185055KST,18,False,False,True,True,True
run_b_neo_excute_#27_20260626T185055KST,19,False,False,True,True,True
run_b_neo_excute_#27_20260626T185055KST,20,True,True,True,True,True
run_b_neo_excute_#27_20260626T185055KST,21,False,False,True,True,True
run_b_neo_excute_#27_20260626T185055KST,22,False,False,True,True,True
run_b_neo_excute_#27_20260626T185055KST,23,False,False,True,True,True
run_b_neo_excute_#27_20260626T185055KST,24,False,False,True,True,True
run_b_neo_excute_#27_20260626T185055KST,25,True,True,True,True,True
run_b_neo_excute_#27_20260626T185055KST,26,False,False,True,True,True
run_b_neo_excute_#27_20260626T185055KST,27,False,False,True,True,True
run_b_neo_excute_#27_20260626T185055KST,28,False,False,True,True,True
run_b_neo_excute_#27_20260626T185055KST,29,False,False,True,True,True
run_b_neo_excute_#27_20260626T185055KST,30,False,False,True,True,True
run_b_neo_excute_#28_20260626T191119KST,1,False,False,True,True,True
run_b_neo_excute_#28_20260626T191119KST,2,False,False,True,True,True
run_b_neo_excute_#28_20260626T191119KST,3,False,False,True,True,True
run_b_neo_excute_#28_20260626T191119KST,4,False,False,True,True,True
run_b_neo_excute_#28_20260626T191119KST,5,False,False,True,True,True
run_b_neo_excute_#28_20260626T191119KST,6,False,False,True,True,True
run_b_neo_excute_#28_20260626T191119KST,7,False,False,True,True,True
run_b_neo_excute_#28_20260626T191119KST,8,True,True,True,True,True
run_b_neo_excute_#28_20260626T191119KST,9,False,False,True,True,True
run_b_neo_excute_#28_20260626T191119KST,10,False,False,True,True,True
run_b_neo_excute_#28_20260626T191119KST,11,False,False,True,True,True
run_b_neo_excute_#28_20260626T191119KST,12,False,False,True,True,True
run_b_neo_excute_#28_20260626T191119KST,13,False,False,True,True,True
run_b_neo_excute_#28_20260626T191119KST,14,False,False,True,True,True
run_b_neo_excute_#28_20260626T191119KST,15,False,False,True,True,True
run_b_neo_excute_#28_20260626T191119KST,16,False,False,True,True,True
run_b_neo_excute_#28_20260626T191119KST,17,False,False,True,True,True
run_b_neo_excute_#28_20260626T191119KST,18,False,False,True,True,True
run_b_neo_excute_#28_20260626T191119KST,19,False,False,True,True,True
run_b_neo_excute_#28_20260626T191119KST,20,True,True,True,True,True
run_b_neo_excute_#28_20260626T191119KST,21,False,False,True,True,True
run_b_neo_excute_#28_20260626T191119KST,22,False,False,True,True,True
run_b_neo_excute_#28_20260626T191119KST,23,False,False,True,True,True
run_b_neo_excute_#28_20260626T191119KST,24,False,False,True,True,True
run_b_neo_excute_#28_20260626T191119KST,25,True,True,True,True,True
run_b_neo_excute_#28_20260626T191119KST,26,False,False,True,True,True
run_b_neo_excute_#28_20260626T191119KST,27,False,False,True,True,True
run_b_neo_excute_#28_20260626T191119KST,28,False,False,True,True,True
run_b_neo_excute_#28_20260626T191119KST,29,False,False,True,True,True
run_b_neo_excute_#28_20260626T191119KST,30,False,False,True,True,True
run_b_neo_excute_#29_20260626T193142KST,1,False,False,True,True,True
run_b_neo_excute_#29_20260626T193142KST,2,False,False,True,True,True
run_b_neo_excute_#29_20260626T193142KST,3,False,False,True,True,True
run_b_neo_excute_#29_20260626T193142KST,4,False,False,True,True,True
run_b_neo_excute_#29_20260626T193142KST,5,False,False,True,True,True
run_b_neo_excute_#29_20260626T193142KST,6,False,False,True,True,True
run_b_neo_excute_#29_20260626T193142KST,7,False,False,True,True,True
run_b_neo_excute_#29_20260626T193142KST,8,True,True,True,True,True
run_b_neo_excute_#29_20260626T193142KST,9,False,False,True,True,True
run_b_neo_excute_#29_20260626T193142KST,10,False,False,True,True,True
run_b_neo_excute_#29_20260626T193142KST,11,False,False,True,True,True
run_b_neo_excute_#29_20260626T193142KST,12,False,False,True,True,True
run_b_neo_excute_#29_20260626T193142KST,13,False,False,True,True,True
run_b_neo_excute_#29_20260626T193142KST,14,False,False,True,True,True
run_b_neo_excute_#29_20260626T193142KST,15,False,False,True,True,True
run_b_neo_excute_#29_20260626T193142KST,16,False,False,True,True,True
run_b_neo_excute_#29_20260626T193142KST,17,False,False,True,True,True
run_b_neo_excute_#29_20260626T193142KST,18,False,False,True,True,True
run_b_neo_excute_#29_20260626T193142KST,19,False,False,True,True,True
run_b_neo_excute_#29_20260626T193142KST,20,True,True,True,True,True
run_b_neo_excute_#29_20260626T193142KST,21,False,False,True,True,True
run_b_neo_excute_#29_20260626T193142KST,22,False,False,True,True,True
run_b_neo_excute_#29_20260626T193142KST,23,False,False,True,True,True
run_b_neo_excute_#29_20260626T193142KST,24,False,False,True,True,True
run_b_neo_excute_#29_20260626T193142KST,25,True,True,True,True,True
run_b_neo_excute_#29_20260626T193142KST,26,False,False,True,True,True
run_b_neo_excute_#29_20260626T193142KST,27,False,False,True,True,True
run_b_neo_excute_#29_20260626T193142KST,28,False,False,True,True,True
run_b_neo_excute_#29_20260626T193142KST,29,False,False,True,True,True
run_b_neo_excute_#29_20260626T193142KST,30,False,False,True,True,True
run_b_neo_excute_#30_20260626T195208KST,1,False,False,True,True,True
run_b_neo_excute_#30_20260626T195208KST,2,False,False,True,True,True
run_b_neo_excute_#30_20260626T195208KST,3,False,False,True,True,True
run_b_neo_excute_#30_20260626T195208KST,4,False,False,True,True,True
run_b_neo_excute_#30_20260626T195208KST,5,False,False,True,True,True
run_b_neo_excute_#30_20260626T195208KST,6,False,False,True,True,True
run_b_neo_excute_#30_20260626T195208KST,7,False,False,True,True,True
run_b_neo_excute_#30_20260626T195208KST,8,True,True,True,True,True
run_b_neo_excute_#30_20260626T195208KST,9,False,False,True,True,True
run_b_neo_excute_#30_20260626T195208KST,10,False,False,True,True,True
run_b_neo_excute_#30_20260626T195208KST,11,False,False,True,True,True
run_b_neo_excute_#30_20260626T195208KST,12,False,False,True,True,True
run_b_neo_excute_#30_20260626T195208KST,13,False,False,True,True,True
run_b_neo_excute_#30_20260626T195208KST,14,False,False,True,True,True
run_b_neo_excute_#30_20260626T195208KST,15,False,False,True,True,True
run_b_neo_excute_#30_20260626T195208KST,16,False,False,True,True,True
run_b_neo_excute_#30_20260626T195208KST,17,False,False,True,True,True
run_b_neo_excute_#30_20260626T195208KST,18,False,False,True,True,True
run_b_neo_excute_#30_20260626T195208KST,19,False,False,True,True,True
run_b_neo_excute_#30_20260626T195208KST,20,True,True,True,True,True
run_b_neo_excute_#30_20260626T195208KST,21,False,False,True,True,True
run_b_neo_excute_#30_20260626T195208KST,22,False,False,True,True,True
run_b_neo_excute_#30_20260626T195208KST,23,False,False,True,True,True
run_b_neo_excute_#30_20260626T195208KST,24,False,False,True,True,True
run_b_neo_excute_#30_20260626T195208KST,25,True,True,True,True,True
run_b_neo_excute_#30_20260626T195208KST,26,False,False,True,True,True
run_b_neo_excute_#30_20260626T195208KST,27,False,False,True,True,True
run_b_neo_excute_#30_20260626T195208KST,28,False,False,True,True,True
run_b_neo_excute_#30_20260626T195208KST,29,False,False,True,True,True
run_b_neo_excute_#30_20260626T195208KST,30,False,False,True,True,True
