contrast,metric,turns,median,min,max,positive_turns,negative_turns,zero_turns
A-B trigger,lms_value,3,-0.12096819080530678,-0.16073152329997878,0.18372897436732316,1,2,0
A-B trigger,cds,3,0.015960571169853263,-0.00852363109588623,0.08491173485914866,2,1,0
A-B trigger,ma_assert,3,-0.022222222222222223,-0.34444444444444444,0.0,0,2,1
A-B trigger,srr,3,0.0,-0.01111111111111111,0.0,0,1,2
A-B trigger,sci,3,-0.005555555555555558,-0.12916666666666668,0.0,0,2,1
A-B non-trigger,lms_value,27,0.0,-0.5178555733340454,0.20238005287715075,12,13,2
A-B non-trigger,cds,27,0.0,-0.10549236933390306,0.11517231067021688,11,11,5
A-B non-trigger,ma_assert,27,0.0,-0.3388888888888889,0.33333333333333337,8,8,11
A-B non-trigger,srr,27,0.0,-0.4888888888888889,0.41666666666666663,6,8,13
A-B non-trigger,sci,27,0.0,-0.4972222222222222,0.41944444444444434,5,11,11
B-C all,lms_value,30,-0.02606225179465438,-0.7279772506583302,0.48772439324205974,15,15,0
B-C all,cds,30,-0.013808906078338623,-0.17390453815460205,0.12166769802570343,11,19,0
B-C all,ma_assert,30,0.375,-0.6666666666666667,1.0,22,2,6
B-C all,srr,30,-0.16666666666666669,-0.6666666666666667,0.3333333333333333,3,17,10
B-C all,sci,30,0.0,-0.5833333333333335,0.1666666666666667,2,13,15
A-C all,lms_value,30,-0.07569070683795961,-0.750956236122277,0.4768875786773979,10,20,0
A-C all,cds,30,-0.019957663615544637,-0.18876736561457316,0.12256546715895335,10,20,0
A-C all,ma_assert,30,0.33333333333333337,-0.6555555555555556,0.7583333333333333,23,1,6
A-C all,srr,30,-0.28194444444444444,-1.0,0.3222222222222222,4,19,7
A-C all,sci,30,-0.13888888888888892,-0.6166666666666667,0.16111111111111118,3,21,6
A-B pre 1-7,lms_value,7,1.477552395323656e-07,-0.004653841153499945,0.018363844001186232,4,1,2
A-B pre 1-7,cds,7,0.0,0.0,0.0008977691332499187,2,0,5
A-B pre 1-7,ma_assert,7,0.0,0.0,0.0,0,0,7
A-B pre 1-7,srr,7,0.0,0.0,0.016666666666666666,1,0,6
A-B pre 1-7,sci,7,0.0,0.0,0.0,0,0,7
A-B later non-trigger,lms_value,20,-0.04763344463213975,-0.5178555733340454,0.20238005287715075,8,12,0
A-B later non-trigger,cds,20,-0.004974040389060974,-0.10549236933390306,0.11517231067021688,9,11,0
A-B later non-trigger,ma_assert,20,0.0,-0.3388888888888889,0.33333333333333337,8,8,4
A-B later non-trigger,srr,20,0.0,-0.4888888888888889,0.41666666666666663,5,8,7
A-B later non-trigger,sci,20,-0.06041666666666667,-0.4972222222222222,0.41944444444444434,5,11,4
