run_id,stage,hash,matching_files,matched
cr_1st_20260617T002515Z#1,cr,db9a63df8b9bcff80e6dc4b2db0c517eccbacd07017d63ddfb9eb0f59cac2ba2,harness:/home/morophi/harness/backups/run_b_preflight_20260624T113415KST/node_config.yaml,True
cr_1st_20260617T101709KST#2,cr,db9a63df8b9bcff80e6dc4b2db0c517eccbacd07017d63ddfb9eb0f59cac2ba2,harness:/home/morophi/harness/backups/run_b_preflight_20260624T113415KST/node_config.yaml,True
cr_1st_20260617T103730KST#3,cr,db9a63df8b9bcff80e6dc4b2db0c517eccbacd07017d63ddfb9eb0f59cac2ba2,harness:/home/morophi/harness/backups/run_b_preflight_20260624T113415KST/node_config.yaml,True
cr_1st_20260617T111722KST#4,cr,db9a63df8b9bcff80e6dc4b2db0c517eccbacd07017d63ddfb9eb0f59cac2ba2,harness:/home/morophi/harness/backups/run_b_preflight_20260624T113415KST/node_config.yaml,True
cr_1st_20260617T114243KST#5,cr,db9a63df8b9bcff80e6dc4b2db0c517eccbacd07017d63ddfb9eb0f59cac2ba2,harness:/home/morophi/harness/backups/run_b_preflight_20260624T113415KST/node_config.yaml,True
cr_1st_20260617T121722KST#6,cr,db9a63df8b9bcff80e6dc4b2db0c517eccbacd07017d63ddfb9eb0f59cac2ba2,harness:/home/morophi/harness/backups/run_b_preflight_20260624T113415KST/node_config.yaml,True
cr_1st_20260617T124244KST#7,cr,db9a63df8b9bcff80e6dc4b2db0c517eccbacd07017d63ddfb9eb0f59cac2ba2,harness:/home/morophi/harness/backups/run_b_preflight_20260624T113415KST/node_config.yaml,True
cr_1st_20260617T130806KST#8,cr,db9a63df8b9bcff80e6dc4b2db0c517eccbacd07017d63ddfb9eb0f59cac2ba2,harness:/home/morophi/harness/backups/run_b_preflight_20260624T113415KST/node_config.yaml,True
cr_1st_20260617T133328KST#9,cr,db9a63df8b9bcff80e6dc4b2db0c517eccbacd07017d63ddfb9eb0f59cac2ba2,harness:/home/morophi/harness/backups/run_b_preflight_20260624T113415KST/node_config.yaml,True
cr_1st_20260617T135850KST#10,cr,db9a63df8b9bcff80e6dc4b2db0c517eccbacd07017d63ddfb9eb0f59cac2ba2,harness:/home/morophi/harness/backups/run_b_preflight_20260624T113415KST/node_config.yaml,True
cr2_rev9_10_A-ragsc_B-ragonly_C-baseline_np512_hist3_20260618T142752KST#1,cr2,db9a63df8b9bcff80e6dc4b2db0c517eccbacd07017d63ddfb9eb0f59cac2ba2,harness:/home/morophi/harness/backups/run_b_preflight_20260624T113415KST/node_config.yaml,True
cr2_rev9_10_A-ragsc_B-ragonly_C-baseline_np512_hist3_20260618T145118KST#1,cr2,db9a63df8b9bcff80e6dc4b2db0c517eccbacd07017d63ddfb9eb0f59cac2ba2,harness:/home/morophi/harness/backups/run_b_preflight_20260624T113415KST/node_config.yaml,True
cr2_rev9_10_A-ragsc_B-ragonly_C-baseline_np512_hist3_20260618T151440KST#1,cr2,db9a63df8b9bcff80e6dc4b2db0c517eccbacd07017d63ddfb9eb0f59cac2ba2,harness:/home/morophi/harness/backups/run_b_preflight_20260624T113415KST/node_config.yaml,True
cr2_rev9_10_A-ragsc_B-ragonly_C-baseline_np512_hist3_20260618T153736KST#1,cr2,db9a63df8b9bcff80e6dc4b2db0c517eccbacd07017d63ddfb9eb0f59cac2ba2,harness:/home/morophi/harness/backups/run_b_preflight_20260624T113415KST/node_config.yaml,True
cr2_rev9_10_A-ragsc_B-ragonly_C-baseline_np512_hist3_20260618T160153KST#1,cr2,db9a63df8b9bcff80e6dc4b2db0c517eccbacd07017d63ddfb9eb0f59cac2ba2,harness:/home/morophi/harness/backups/run_b_preflight_20260624T113415KST/node_config.yaml,True
run_b_neo_excute_#1_20260625T174811KST,run_b,151f9a05fb677300a6ca2488776a292d6aca954910830e192ee2acab30813182,harness:/home/morophi/harness/config/node_config.yaml.bak_cf_e_freeze_20260629T165058KST,True
run_b_neo_excute_#2_20260625T180826KST,run_b,151f9a05fb677300a6ca2488776a292d6aca954910830e192ee2acab30813182,harness:/home/morophi/harness/config/node_config.yaml.bak_cf_e_freeze_20260629T165058KST,True
run_b_neo_excute_#3_20260625T182845KST,run_b,151f9a05fb677300a6ca2488776a292d6aca954910830e192ee2acab30813182,harness:/home/morophi/harness/config/node_config.yaml.bak_cf_e_freeze_20260629T165058KST,True
run_b_neo_excute_#4_20260625T184902KST,run_b,151f9a05fb677300a6ca2488776a292d6aca954910830e192ee2acab30813182,harness:/home/morophi/harness/config/node_config.yaml.bak_cf_e_freeze_20260629T165058KST,True
run_b_neo_excute_#5_20260625T190921KST,run_b,151f9a05fb677300a6ca2488776a292d6aca954910830e192ee2acab30813182,harness:/home/morophi/harness/config/node_config.yaml.bak_cf_e_freeze_20260629T165058KST,True
run_b_neo_excute_#6_20260626T095614KST,run_b,151f9a05fb677300a6ca2488776a292d6aca954910830e192ee2acab30813182,harness:/home/morophi/harness/config/node_config.yaml.bak_cf_e_freeze_20260629T165058KST,True
run_b_neo_excute_#7_20260626T101630KST,run_b,151f9a05fb677300a6ca2488776a292d6aca954910830e192ee2acab30813182,harness:/home/morophi/harness/config/node_config.yaml.bak_cf_e_freeze_20260629T165058KST,True
run_b_neo_excute_#8_20260626T103649KST,run_b,151f9a05fb677300a6ca2488776a292d6aca954910830e192ee2acab30813182,harness:/home/morophi/harness/config/node_config.yaml.bak_cf_e_freeze_20260629T165058KST,True
run_b_neo_excute_#9_20260626T105708KST,run_b,151f9a05fb677300a6ca2488776a292d6aca954910830e192ee2acab30813182,harness:/home/morophi/harness/config/node_config.yaml.bak_cf_e_freeze_20260629T165058KST,True
run_b_neo_excute_#10_20260626T111728KST,run_b,151f9a05fb677300a6ca2488776a292d6aca954910830e192ee2acab30813182,harness:/home/morophi/harness/config/node_config.yaml.bak_cf_e_freeze_20260629T165058KST,True
run_b_neo_excute_#11_20260626T120149KST,run_b,151f9a05fb677300a6ca2488776a292d6aca954910830e192ee2acab30813182,harness:/home/morophi/harness/config/node_config.yaml.bak_cf_e_freeze_20260629T165058KST,True
run_b_neo_excute_#12_20260626T122209KST,run_b,151f9a05fb677300a6ca2488776a292d6aca954910830e192ee2acab30813182,harness:/home/morophi/harness/config/node_config.yaml.bak_cf_e_freeze_20260629T165058KST,True
run_b_neo_excute_#13_20260626T124229KST,run_b,151f9a05fb677300a6ca2488776a292d6aca954910830e192ee2acab30813182,harness:/home/morophi/harness/config/node_config.yaml.bak_cf_e_freeze_20260629T165058KST,True
run_b_neo_excute_#14_20260626T130252KST,run_b,151f9a05fb677300a6ca2488776a292d6aca954910830e192ee2acab30813182,harness:/home/morophi/harness/config/node_config.yaml.bak_cf_e_freeze_20260629T165058KST,True
run_b_neo_excute_#15_20260626T132313KST,run_b,151f9a05fb677300a6ca2488776a292d6aca954910830e192ee2acab30813182,harness:/home/morophi/harness/config/node_config.yaml.bak_cf_e_freeze_20260629T165058KST,True
run_b_neo_excute_#16_20260626T140223KST,run_b,151f9a05fb677300a6ca2488776a292d6aca954910830e192ee2acab30813182,harness:/home/morophi/harness/config/node_config.yaml.bak_cf_e_freeze_20260629T165058KST,True
run_b_neo_excute_#17_20260626T142245KST,run_b,151f9a05fb677300a6ca2488776a292d6aca954910830e192ee2acab30813182,harness:/home/morophi/harness/config/node_config.yaml.bak_cf_e_freeze_20260629T165058KST,True
run_b_neo_excute_#18_20260626T144308KST,run_b,151f9a05fb677300a6ca2488776a292d6aca954910830e192ee2acab30813182,harness:/home/morophi/harness/config/node_config.yaml.bak_cf_e_freeze_20260629T165058KST,True
run_b_neo_excute_#19_20260626T150331KST,run_b,151f9a05fb677300a6ca2488776a292d6aca954910830e192ee2acab30813182,harness:/home/morophi/harness/config/node_config.yaml.bak_cf_e_freeze_20260629T165058KST,True
run_b_neo_excute_#20_20260626T152354KST,run_b,151f9a05fb677300a6ca2488776a292d6aca954910830e192ee2acab30813182,harness:/home/morophi/harness/config/node_config.yaml.bak_cf_e_freeze_20260629T165058KST,True
run_b_neo_excute_#21_20260626T162628KST,run_b,151f9a05fb677300a6ca2488776a292d6aca954910830e192ee2acab30813182,harness:/home/morophi/harness/config/node_config.yaml.bak_cf_e_freeze_20260629T165058KST,True
run_b_neo_excute_#22_20260626T164651KST,run_b,151f9a05fb677300a6ca2488776a292d6aca954910830e192ee2acab30813182,harness:/home/morophi/harness/config/node_config.yaml.bak_cf_e_freeze_20260629T165058KST,True
run_b_neo_excute_#23_20260626T170715KST,run_b,151f9a05fb677300a6ca2488776a292d6aca954910830e192ee2acab30813182,harness:/home/morophi/harness/config/node_config.yaml.bak_cf_e_freeze_20260629T165058KST,True
run_b_neo_excute_#24_20260626T172740KST,run_b,151f9a05fb677300a6ca2488776a292d6aca954910830e192ee2acab30813182,harness:/home/morophi/harness/config/node_config.yaml.bak_cf_e_freeze_20260629T165058KST,True
run_b_neo_excute_#25_20260626T174804KST,run_b,151f9a05fb677300a6ca2488776a292d6aca954910830e192ee2acab30813182,harness:/home/morophi/harness/config/node_config.yaml.bak_cf_e_freeze_20260629T165058KST,True
run_b_neo_excute_#26_20260626T183031KST,run_b,151f9a05fb677300a6ca2488776a292d6aca954910830e192ee2acab30813182,harness:/home/morophi/harness/config/node_config.yaml.bak_cf_e_freeze_20260629T165058KST,True
run_b_neo_excute_#27_20260626T185055KST,run_b,151f9a05fb677300a6ca2488776a292d6aca954910830e192ee2acab30813182,harness:/home/morophi/harness/config/node_config.yaml.bak_cf_e_freeze_20260629T165058KST,True
run_b_neo_excute_#28_20260626T191119KST,run_b,151f9a05fb677300a6ca2488776a292d6aca954910830e192ee2acab30813182,harness:/home/morophi/harness/config/node_config.yaml.bak_cf_e_freeze_20260629T165058KST,True
run_b_neo_excute_#29_20260626T193142KST,run_b,151f9a05fb677300a6ca2488776a292d6aca954910830e192ee2acab30813182,harness:/home/morophi/harness/config/node_config.yaml.bak_cf_e_freeze_20260629T165058KST,True
run_b_neo_excute_#30_20260626T195208KST,run_b,151f9a05fb677300a6ca2488776a292d6aca954910830e192ee2acab30813182,harness:/home/morophi/harness/config/node_config.yaml.bak_cf_e_freeze_20260629T165058KST,True
cf_a_rev9_10_A-ragsc_B-ragonly_C-baseline_np512_hist3_20260630T091002KST#1,cf_a,b900abd1e82cdfbecc9f6d00f5ec1dbf78a297eb42183b7abc5e093a4f49dd43,harness:/home/morophi/harness/config/node_config.yaml,True
cf_a_rev9_10_A-ragsc_B-ragonly_C-baseline_np512_hist3_20260630T092657KST#2,cf_a,b900abd1e82cdfbecc9f6d00f5ec1dbf78a297eb42183b7abc5e093a4f49dd43,harness:/home/morophi/harness/config/node_config.yaml,True
cf_a_rev9_10_A-ragsc_B-ragonly_C-baseline_np512_hist3_20260630T094349KST#3,cf_a,b900abd1e82cdfbecc9f6d00f5ec1dbf78a297eb42183b7abc5e093a4f49dd43,harness:/home/morophi/harness/config/node_config.yaml,True
cf_a_rev9_10_A-ragsc_B-ragonly_C-baseline_np512_hist3_20260630T100040KST#4,cf_a,b900abd1e82cdfbecc9f6d00f5ec1dbf78a297eb42183b7abc5e093a4f49dd43,harness:/home/morophi/harness/config/node_config.yaml,True
cf_a_rev9_10_A-ragsc_B-ragonly_C-baseline_np512_hist3_20260630T101731KST#5,cf_a,b900abd1e82cdfbecc9f6d00f5ec1dbf78a297eb42183b7abc5e093a4f49dd43,harness:/home/morophi/harness/config/node_config.yaml,True
cf_b_rev9_10_A-ragsc_B-ragonly_C-baseline_np512_hist3_20260630T105343KST#1,cf_b,b900abd1e82cdfbecc9f6d00f5ec1dbf78a297eb42183b7abc5e093a4f49dd43,harness:/home/morophi/harness/config/node_config.yaml,True
cf_b_rev9_10_A-ragsc_B-ragonly_C-baseline_np512_hist3_20260630T111448KST#2,cf_b,b900abd1e82cdfbecc9f6d00f5ec1dbf78a297eb42183b7abc5e093a4f49dd43,harness:/home/morophi/harness/config/node_config.yaml,True
cf_b_rev9_10_A-ragsc_B-ragonly_C-baseline_np512_hist3_20260630T113551KST#3,cf_b,b900abd1e82cdfbecc9f6d00f5ec1dbf78a297eb42183b7abc5e093a4f49dd43,harness:/home/morophi/harness/config/node_config.yaml,True
cf_b_rev9_10_A-ragsc_B-ragonly_C-baseline_np512_hist3_20260630T115656KST#4,cf_b,b900abd1e82cdfbecc9f6d00f5ec1dbf78a297eb42183b7abc5e093a4f49dd43,harness:/home/morophi/harness/config/node_config.yaml,True
cf_b_rev9_10_A-ragsc_B-ragonly_C-baseline_np512_hist3_20260630T121803KST#5,cf_b,b900abd1e82cdfbecc9f6d00f5ec1dbf78a297eb42183b7abc5e093a4f49dd43,harness:/home/morophi/harness/config/node_config.yaml,True
cf_c_rev9_10_A-ragsc_B-ragonly_C-baseline_np512_hist3_20260630T130258KST#1,cf_c,b900abd1e82cdfbecc9f6d00f5ec1dbf78a297eb42183b7abc5e093a4f49dd43,harness:/home/morophi/harness/config/node_config.yaml,True
cf_c_rev9_10_A-ragsc_B-ragonly_C-baseline_np512_hist3_20260630T132017KST#2,cf_c,b900abd1e82cdfbecc9f6d00f5ec1dbf78a297eb42183b7abc5e093a4f49dd43,harness:/home/morophi/harness/config/node_config.yaml,True
cf_c_rev9_10_A-ragsc_B-ragonly_C-baseline_np512_hist3_20260630T133737KST#3,cf_c,b900abd1e82cdfbecc9f6d00f5ec1dbf78a297eb42183b7abc5e093a4f49dd43,harness:/home/morophi/harness/config/node_config.yaml,True
cf_c_rev9_10_A-ragsc_B-ragonly_C-baseline_np512_hist3_20260630T135456KST#4,cf_c,b900abd1e82cdfbecc9f6d00f5ec1dbf78a297eb42183b7abc5e093a4f49dd43,harness:/home/morophi/harness/config/node_config.yaml,True
cf_c_rev9_10_A-ragsc_B-ragonly_C-baseline_np512_hist3_20260630T141215KST#5,cf_c,b900abd1e82cdfbecc9f6d00f5ec1dbf78a297eb42183b7abc5e093a4f49dd43,harness:/home/morophi/harness/config/node_config.yaml,True
cf_d_rev9_10_A-ragsc_B-ragonly_C-baseline_np512_hist3_20260630T145355KST#1,cf_d,b900abd1e82cdfbecc9f6d00f5ec1dbf78a297eb42183b7abc5e093a4f49dd43,harness:/home/morophi/harness/config/node_config.yaml,True
cf_d_rev9_10_A-ragsc_B-ragonly_C-baseline_np512_hist3_20260630T151128KST#2,cf_d,b900abd1e82cdfbecc9f6d00f5ec1dbf78a297eb42183b7abc5e093a4f49dd43,harness:/home/morophi/harness/config/node_config.yaml,True
cf_d_rev9_10_A-ragsc_B-ragonly_C-baseline_np512_hist3_20260630T152901KST#3,cf_d,b900abd1e82cdfbecc9f6d00f5ec1dbf78a297eb42183b7abc5e093a4f49dd43,harness:/home/morophi/harness/config/node_config.yaml,True
cf_d_rev9_10_A-ragsc_B-ragonly_C-baseline_np512_hist3_20260630T154636KST#4,cf_d,b900abd1e82cdfbecc9f6d00f5ec1dbf78a297eb42183b7abc5e093a4f49dd43,harness:/home/morophi/harness/config/node_config.yaml,True
cf_d_rev9_10_A-ragsc_B-ragonly_C-baseline_np512_hist3_20260630T160409KST#5,cf_d,b900abd1e82cdfbecc9f6d00f5ec1dbf78a297eb42183b7abc5e093a4f49dd43,harness:/home/morophi/harness/config/node_config.yaml,True
cf_e_rev9_10_A-ragsc_B-ragonly_C-baseline_np512_hist3_20260630T164522KST#1,cf_e,b900abd1e82cdfbecc9f6d00f5ec1dbf78a297eb42183b7abc5e093a4f49dd43,harness:/home/morophi/harness/config/node_config.yaml,True
cf_e_rev9_10_A-ragsc_B-ragonly_C-baseline_np512_hist3_20260630T170407KST#2,cf_e,b900abd1e82cdfbecc9f6d00f5ec1dbf78a297eb42183b7abc5e093a4f49dd43,harness:/home/morophi/harness/config/node_config.yaml,True
cf_e_rev9_10_A-ragsc_B-ragonly_C-baseline_np512_hist3_20260630T172255KST#3,cf_e,b900abd1e82cdfbecc9f6d00f5ec1dbf78a297eb42183b7abc5e093a4f49dd43,harness:/home/morophi/harness/config/node_config.yaml,True
cf_e_rev9_10_A-ragsc_B-ragonly_C-baseline_np512_hist3_20260630T174142KST#4,cf_e,b900abd1e82cdfbecc9f6d00f5ec1dbf78a297eb42183b7abc5e093a4f49dd43,harness:/home/morophi/harness/config/node_config.yaml,True
cf_e_rev9_10_A-ragsc_B-ragonly_C-baseline_np512_hist3_20260630T180030KST#5,cf_e,b900abd1e82cdfbecc9f6d00f5ec1dbf78a297eb42183b7abc5e093a4f49dd43,harness:/home/morophi/harness/config/node_config.yaml,True
cf_f_rev9_10_A-ragsc_B-ragonly_C-baseline_np512_hist3_20260630T194500KST#1,cf_f,b900abd1e82cdfbecc9f6d00f5ec1dbf78a297eb42183b7abc5e093a4f49dd43,harness:/home/morophi/harness/config/node_config.yaml,True
cf_f_rev9_10_A-ragsc_B-ragonly_C-baseline_np512_hist3_20260630T200400KST#2,cf_f,b900abd1e82cdfbecc9f6d00f5ec1dbf78a297eb42183b7abc5e093a4f49dd43,harness:/home/morophi/harness/config/node_config.yaml,True
cf_f_rev9_10_A-ragsc_B-ragonly_C-baseline_np512_hist3_20260630T202300KST#3,cf_f,b900abd1e82cdfbecc9f6d00f5ec1dbf78a297eb42183b7abc5e093a4f49dd43,harness:/home/morophi/harness/config/node_config.yaml,True
cf_f_rev9_10_A-ragsc_B-ragonly_C-baseline_np512_hist3_20260630T204204KST#4,cf_f,b900abd1e82cdfbecc9f6d00f5ec1dbf78a297eb42183b7abc5e093a4f49dd43,harness:/home/morophi/harness/config/node_config.yaml,True
cf_f_rev9_10_A-ragsc_B-ragonly_C-baseline_np512_hist3_20260630T210107KST#5,cf_f,b900abd1e82cdfbecc9f6d00f5ec1dbf78a297eb42183b7abc5e093a4f49dd43,harness:/home/morophi/harness/config/node_config.yaml,True
cf_f_rev9_10_A-ragsc_B-ragonly_C-baseline_np512_hist3_20260630T212010KST#6,cf_f,b900abd1e82cdfbecc9f6d00f5ec1dbf78a297eb42183b7abc5e093a4f49dd43,harness:/home/morophi/harness/config/node_config.yaml,True
cf_f_rev9_10_A-ragsc_B-ragonly_C-baseline_np512_hist3_20260630T213914KST#7,cf_f,b900abd1e82cdfbecc9f6d00f5ec1dbf78a297eb42183b7abc5e093a4f49dd43,harness:/home/morophi/harness/config/node_config.yaml,True
cf_f_rev9_10_A-ragsc_B-ragonly_C-baseline_np512_hist3_20260630T215817KST#8,cf_f,b900abd1e82cdfbecc9f6d00f5ec1dbf78a297eb42183b7abc5e093a4f49dd43,harness:/home/morophi/harness/config/node_config.yaml,True
cf_f_rev9_10_A-ragsc_B-ragonly_C-baseline_np512_hist3_20260630T221720KST#9,cf_f,b900abd1e82cdfbecc9f6d00f5ec1dbf78a297eb42183b7abc5e093a4f49dd43,harness:/home/morophi/harness/config/node_config.yaml,True
cf_f_rev9_10_A-ragsc_B-ragonly_C-baseline_np512_hist3_20260630T223624KST#10,cf_f,b900abd1e82cdfbecc9f6d00f5ec1dbf78a297eb42183b7abc5e093a4f49dd43,harness:/home/morophi/harness/config/node_config.yaml,True
