점검 항목,이번 확인 결과,최종 상태
최종 DB와 기존 분석 자료의 동일성,6개 기본 테이블이 바이트 단위로 동일,확인 완료
MA 분절·사전·분모·우선순위,"응답 원문에서 세 비율과 분절 문장 수 7,200행 재현",확인 완료
SRR 전체 사전과 계수 생성,"실제 코드·사전 확보, B/F 계수와 점수 7,200행 일치",확인 완료
SCI 구성요소와 점수 변환,"네 flag와 문장 포괄 비율의 결합 산식 확보, 7,200행 일치",확인 완료
CDS 참조의 원천 임베딩,"12,240×384 행렬 확보, manifest의 stream 해시 일치",확인 완료
CDS 참조 생성,원천 행렬에서 재생성한 `.npy` 해시까지 동일,확인 완료
CDS 응답별 계산,"보관된 임베딩 모델로 399개 고유 응답 재계산, 7,200행 대응값 일치",확인 완료
LMS 선택 개수와 집계,"저장 entropy·margin으로 선택 개수 및 평균 7,200행 일치",확인 완료: 저장 배열에서의 재현
LMS 원시 후보·토큰 문자열,최종 DB 및 채택 80개 JSONL에는 전체 후보 점수·토큰 문자열 없음,미확인: 원시 후보부터의 재계산·단어별 귀속
최종 동결 설정,"`locked=true` 파일 확보, Run B/CF 5,850행의 threshold snapshot과 일치",확인 완료
CR2 3→5회 안정성,"Node C entropy p70 및 LMS/CDS/MA pooled p95를 재구성, 배포값과 일치",확인 완료: 수치 재현
6월 18일 별도 재보정 원본,동결 파일에 감사·출력 파일명 및 해시 존재. 해당 별도 파일 원본은 이번 접근 범위에서 미확보,부분 확인
임계값 max 규칙 민감도,LMS와 CDS 각각 및 함께 변경하여 저장 이력상의 900개 배정 판단 비교,확인 완료: 고정 이력의 배정 민감도
배포 node config,원격 원본의 파일 해시가 정식 80회 DB의 config 해시와 모두 연결됨,확인 완료
정책 파일 버전,"현행·백업 정책 파일의 계산 해시로 정식 7,200행 설명 가능",확인 완료
SRR·SCI 코드의 실험 이전 존재,2026-06-14 Git `1345861`의 metrics.py와 현재 파일 해시 동일,확인 완료: 파일 단위 이력
당시 전체 배포 지문,DB의 harness_version·metric_pipeline_version은 여전히 공란,부분 확인: 파일별 증거와 전체 배포 식별은 구분
실제 입력·이력,"시나리오, 145개 검색 청크, 통제문구, 노드별 최근 3턴으로 프롬프트·payload 해시 7,200행 재현",확인 완료: 재구성 및 저장 해시 대조
Run B 트리거 규칙,실제 제어 코드를 이전 턴 값에 적용. 900회 판단·이유·출처 노드 모두 일치,확인 완료
CF 실제 조건,기존 재분석과 일치. CF-F의 공통 언어 지시 추가를 새로 확인,확인 완료: 조건 설명 보완 필요
CF-F 30턴 제외,forced turn 설정 및 30턴 비강제 확인. cleanup 중첩 회피라는 설계 설명과 실제 중첩 발생 검증은 별개,부분 확인: 실제 중첩 사건 검증 불가
생성 모델·환경,alias·seed·temperature·endpoint 설정은 확인. model_digest는 모든 분석 행에서 공란,부분 확인: 당시 추론 모델 digest 미확인
노드 교차 배정,정식 자료에서 A/B 교차실험을 추가로 발견하지 않음. 초기 역할교환 파일은 정식 교차실험의 증거가 아님,검증된 교차실험으로 주장 불가
주요 표·그림 근거 수치,기존 개정본 재분석 7종 결과표와 값·행 구조 동일,확인 완료
