table,column
experiment_runs,id
experiment_runs,run_id
experiment_runs,scenario_id
experiment_runs,scenario_hash
experiment_runs,condition_name
experiment_runs,stage
experiment_runs,run_mode
experiment_runs,corpus_hash
experiment_runs,corpus_version
experiment_runs,collection_name
experiment_runs,runtime_chain
experiment_runs,acceptance_status
experiment_runs,failure_reason
experiment_runs,source_file
experiment_runs,harness_version
experiment_runs,node_config_hash
experiment_runs,sc_policy_id
experiment_runs,policy_hash
experiment_runs,theta_source
experiment_runs,theta_locked
experiment_runs,started_at
experiment_runs,completed_at
experiment_runs,created_at
experiment_runs,updated_at
intervention_logs,id
intervention_logs,turn_node_log_id
intervention_logs,rag_injected
intervention_logs,sc_policy_applied
intervention_logs,sc_policy_id
intervention_logs,policy_hash
intervention_logs,trigger_mode
intervention_logs,trigger_reasons
intervention_logs,trigger_eligible
intervention_logs,trigger_source_nodes
intervention_logs,threshold_snapshot
intervention_logs,previous_turn_used_for_trigger
intervention_logs,sc_triggered
intervention_logs,sc_trigger_reason
intervention_logs,sc_trigger_rule_id
intervention_logs,sc_policy_anchor_chunk_ids
intervention_logs,sc_evidence_sufficiency
intervention_logs,sc_response_mode
intervention_logs,sc_verification_required
intervention_logs,sc_responsibility_boundary_applied
intervention_logs,sc_decision_payload
intervention_logs,created_at
metric_logs,id
metric_logs,turn_node_log_id
metric_logs,lms_value
metric_logs,lms_token_count
metric_logs,theta_entropy
metric_logs,lms_delta
metric_logs,cds
metric_logs,ma_assert
metric_logs,ma_epist
metric_logs,ma_hedge
metric_logs,sent_count
metric_logs,srr
metric_logs,sci
metric_logs,metrics_json
metric_logs,metric_status
metric_logs,quality_gate
metric_logs,generation_quality_ready
metric_logs,analysis_eligible
metric_logs,exclude_from_causal_trigger
metric_logs,metric_trigger_eligibility
metric_logs,usable_as_quality_outcome
metric_logs,metric_pipeline_version
metric_logs,created_at
payload_audit_logs,id
payload_audit_logs,turn_node_log_id
payload_audit_logs,prompt_hash
payload_audit_logs,payload_hash
payload_audit_logs,message_count
payload_audit_logs,prompt_chars
payload_audit_logs,final_prompt_chars
payload_audit_logs,rag_context_chars
payload_audit_logs,sc_block_chars
payload_audit_logs,sc_block_hash
payload_audit_logs,prompt_contains_sc_marker
payload_audit_logs,retrieved_chunk_ids
payload_audit_logs,retrieved_chunk_ids_hash
payload_audit_logs,collection_name
payload_audit_logs,corpus_version
payload_audit_logs,history_window_turns_configured
payload_audit_logs,history_turns_used
payload_audit_logs,rag_injected
payload_audit_logs,sc_policy_applied
payload_audit_logs,created_at
rag_retrieval_logs,id
rag_retrieval_logs,turn_node_log_id
rag_retrieval_logs,sc_policy_applied
rag_retrieval_logs,query_hash
rag_retrieval_logs,collection_name
rag_retrieval_logs,top_k
rag_retrieval_logs,returned_count
rag_retrieval_logs,rag_context_chars
rag_retrieval_logs,retrieval_method
rag_retrieval_logs,table_exposure
rag_retrieval_logs,retrieved_chunk_ids
rag_retrieval_logs,retrieved_chunk_ids_hash
rag_retrieval_logs,chunk_lengths
rag_retrieval_logs,block_type_distribution
rag_retrieval_logs,created_at
turn_node_logs,id
turn_node_logs,experiment_run_id
turn_node_logs,turn_no
turn_node_logs,node
turn_node_logs,node_role
turn_node_logs,physical_node_url
turn_node_logs,utterance_hash
turn_node_logs,response_text
turn_node_logs,response_hash
turn_node_logs,elapsed_ms
turn_node_logs,model_name
turn_node_logs,model_digest
turn_node_logs,temperature
turn_node_logs,seed
turn_node_logs,thinking_disabled_requested
turn_node_logs,endpoint_mode
turn_node_logs,response_text_raw_hash
turn_node_logs,thinking_tag_present
turn_node_logs,empty_thinking_shell
turn_node_logs,thinking_content_present
turn_node_logs,cleaning_applied
turn_node_logs,cleaning_allowed
turn_node_logs,failed_TR
turn_node_logs,removed_prefix_chars
turn_node_logs,raw_logprobs_len
turn_node_logs,clean_logprobs_len
turn_node_logs,excluded_token_positions
turn_node_logs,quality_gate
turn_node_logs,generation_quality_ready
turn_node_logs,analysis_eligible
turn_node_logs,exclude_from_causal_trigger
turn_node_logs,history_eligible
turn_node_logs,history_exclusion_reason
turn_node_logs,usable_as_quality_outcome
turn_node_logs,metric_status
turn_node_logs,metric_trigger_eligibility
turn_node_logs,metrics_json
turn_node_logs,raw_response_keys
turn_node_logs,created_at
