turn,node,runs,distinct_response_hashes,modal_count,pairwise_hash_agreement,normalized_distinct
1,A,30,1,30,1.0,1
1,B,30,1,30,1.0,1
1,C,30,1,30,1.0,1
2,A,30,1,30,1.0,1
2,B,30,1,30,1.0,1
2,C,30,1,30,1.0,1
3,A,30,1,30,1.0,1
3,B,30,1,30,1.0,1
3,C,30,1,30,1.0,1
4,A,30,1,30,1.0,1
4,B,30,1,30,1.0,1
4,C,30,1,30,1.0,1
5,A,30,1,30,1.0,1
5,B,30,1,30,1.0,1
5,C,30,1,30,1.0,1
6,A,30,2,29,0.9333333333333333,2
6,B,30,1,30,1.0,1
6,C,30,1,30,1.0,1
7,A,30,2,29,0.9333333333333333,2
7,B,30,1,30,1.0,1
7,C,30,1,30,1.0,1
8,A,30,2,29,0.9333333333333333,2
8,B,30,1,30,1.0,1
8,C,30,1,30,1.0,1
9,A,30,2,29,0.9333333333333333,2
9,B,30,1,30,1.0,1
9,C,30,1,30,1.0,1
10,A,30,2,29,0.9333333333333333,2
10,B,30,1,30,1.0,1
10,C,30,1,30,1.0,1
11,A,30,2,29,0.9333333333333333,2
11,B,30,1,30,1.0,1
11,C,30,1,30,1.0,1
12,A,30,2,29,0.9333333333333333,2
12,B,30,1,30,1.0,1
12,C,30,1,30,1.0,1
13,A,30,2,29,0.9333333333333333,2
13,B,30,1,30,1.0,1
13,C,30,1,30,1.0,1
14,A,30,2,29,0.9333333333333333,2
14,B,30,1,30,1.0,1
14,C,30,1,30,1.0,1
15,A,30,2,29,0.9333333333333333,2
15,B,30,1,30,1.0,1
15,C,30,1,30,1.0,1
16,A,30,2,29,0.9333333333333333,2
16,B,30,1,30,1.0,1
16,C,30,1,30,1.0,1
17,A,30,2,29,0.9333333333333333,2
17,B,30,1,30,1.0,1
17,C,30,1,30,1.0,1
18,A,30,2,29,0.9333333333333333,2
18,B,30,1,30,1.0,1
18,C,30,1,30,1.0,1
19,A,30,2,29,0.9333333333333333,2
19,B,30,1,30,1.0,1
19,C,30,1,30,1.0,1
20,A,30,2,29,0.9333333333333333,2
20,B,30,1,30,1.0,1
20,C,30,1,30,1.0,1
21,A,30,2,29,0.9333333333333333,2
21,B,30,1,30,1.0,1
21,C,30,1,30,1.0,1
22,A,30,2,29,0.9333333333333333,2
22,B,30,1,30,1.0,1
22,C,30,1,30,1.0,1
23,A,30,2,29,0.9333333333333333,2
23,B,30,1,30,1.0,1
23,C,30,1,30,1.0,1
24,A,30,2,29,0.9333333333333333,2
24,B,30,1,30,1.0,1
24,C,30,1,30,1.0,1
25,A,30,2,29,0.9333333333333333,2
25,B,30,1,30,1.0,1
25,C,30,1,30,1.0,1
26,A,30,2,29,0.9333333333333333,2
26,B,30,1,30,1.0,1
26,C,30,1,30,1.0,1
27,A,30,2,29,0.9333333333333333,2
27,B,30,1,30,1.0,1
27,C,30,1,30,1.0,1
28,A,30,2,29,0.9333333333333333,2
28,B,30,1,30,1.0,1
28,C,30,1,30,1.0,1
29,A,30,2,29,0.9333333333333333,2
29,B,30,1,30,1.0,1
29,C,30,1,30,1.0,1
30,A,30,2,29,0.9333333333333333,2
30,B,30,1,30,1.0,1
30,C,30,1,30,1.0,1
