contrast,metric,runs,median,min,max,sd
A-B trigger,lms_value,30,-0.034470706354371515,-0.03447137607878292,0.019943756621561077,0.009934680492592477
A-B trigger,cds,30,0.0315816899140676,0.007617741823196411,0.0315816899140676,0.004375198312084336
A-B trigger,ma_assert,30,-0.11111111111111112,-0.4444444444444445,-0.11111111111111112,0.06085806194501847
A-B trigger,srr,30,0.0,-0.1111111111111111,0.0,0.020286020648339488
A-B trigger,sci,30,-0.041666666666666664,-0.13888888888888892,-0.041666666666666664,0.01775026806729706
A-B non-trigger,lms_value,30,-0.04608830712843259,-0.04652507439288062,-0.04608195084102004,7.987458967692567e-05
A-B non-trigger,cds,30,-0.0032328157513229977,-0.0032328157513229977,0.008681519163979422,0.002175249996927514
A-B non-trigger,ma_assert,30,-0.009259259259259259,-0.037037037037037035,-0.009259259259259259,0.005071505162084869
A-B non-trigger,srr,30,-0.04012345679012346,-0.04012345679012346,0.046296296296296294,0.015778016059819603
A-B non-trigger,sci,30,-0.06327160493827161,-0.06327160493827161,0.01234567901234567,0.013805764052342148
B-C all,lms_value,30,-0.038458282166981765,-0.038458282166981765,-0.038458282166981765,1.4115032135209254e-17
B-C all,cds,30,-0.018642206490039826,-0.018642206490039826,-0.018642206490039826,3.5287580338023136e-18
B-C all,ma_assert,30,0.30833333333333335,0.30833333333333335,0.30833333333333335,5.646012854083702e-17
B-C all,srr,30,-0.19722222222222224,-0.19722222222222224,-0.19722222222222224,2.823006427041851e-17
B-C all,sci,30,-0.10277777777777779,-0.10277777777777779,-0.10277777777777779,1.4115032135209254e-17
A-C all,lms_value,30,-0.08338482921800824,-0.08338738300445465,-0.07833647345841822,0.0009215993431462798
A-C all,cds,30,-0.01839357167482376,-0.01839357167482376,-0.010067065060138703,0.001520205166026327
A-C all,ma_assert,30,0.28888888888888886,0.23055555555555554,0.28888888888888886,0.010650160840378228
A-C all,srr,30,-0.23333333333333334,-0.23333333333333334,-0.16666666666666666,0.012171612389003699
A-C all,sci,30,-0.1638888888888889,-0.1638888888888889,-0.10555555555555558,0.010650160840378224
A-B pre 1-7,lms_value,30,0.0,-7.382335782996867e-07,0.05877379758584828,0.01073056872130766
A-B pre 1-7,cds,30,0.0,0.0,0.004239218575613839,0.0007739718800195395
A-B pre 1-7,ma_assert,30,0.0,0.0,0.0,0.0
A-B pre 1-7,srr,30,0.0,0.0,0.07142857142857142,0.01304101327393252
A-B pre 1-7,sci,30,0.0,0.0,0.0,0.0
A-B later non-trigger,lms_value,30,-0.062219214623384,-0.08337967958543573,-0.06221094161044788,0.0038635048061919273
A-B later non-trigger,cds,30,-0.004364301264286047,-0.004364301264286047,0.010236324369907377,0.0026656973378453037
A-B later non-trigger,ma_assert,30,-0.0125,-0.05,-0.0125,0.0068465319688145775
A-B later non-trigger,srr,30,-0.054166666666666675,-0.054166666666666675,0.0375,0.01673596703488008
A-B later non-trigger,sci,30,-0.08541666666666667,-0.08541666666666667,0.016666666666666656,0.018637781470661897
